<?xml version = '1.0' encoding = 'UTF-8'?>
<Arc class="oracle.dbtools.crest.model.design.logical.Arc" directorySegmentName="seg_0" id="3043999B-DE9F-660D-9E8E-E2D480A24A38" name="Arc_1">
<createdBy>pawel</createdBy>
<createdTime>2023-04-28 13:44:59 UTC</createdTime>
<ownerDesignName>bd2_logical</ownerDesignName>
<engineerTo>
<item key="18DFC21A-30D3-DFF0-0575-8D4F12E10300" value="true"/>
</engineerTo>
<entity>68BCA144-A616-887C-5072-45600169E4CF</entity>
<relations>
<relationID>6D2D576F-F96A-AD74-9527-E826A8D9B84F</relationID>
<relationID>77DE3D18-69F0-C62E-E6D9-5E318E402896</relationID>
</relations>
</Arc>