<?xml version = '1.0' encoding = 'UTF-8'?>
<Relation class="oracle.dbtools.crest.model.design.logical.InheritanceRelation" name="Hierarchy_1" directorySegmentName="seg_0" id="35E79872-F85C-C00B-EB07-BA7E98223ABA">
<createdBy>pawel</createdBy>
<createdTime>2023-04-28 12:59:46 UTC</createdTime>
<ownerDesignName>bd2_logical</ownerDesignName>
<engineerTo>
<item key="18DFC21A-30D3-DFF0-0575-8D4F12E10300" value="true"/>
</engineerTo>
<identifying>false</identifying>
<nameOnSource>Super Type</nameOnSource>
<nameOnTarget>Sub Type</nameOnTarget>
<optionalSource>true</optionalSource>
<optionalTarget>true</optionalTarget>
<sourceEntity>B9BA651D-961F-05CC-21FA-BBD72644B2EA</sourceEntity>
<targetEntity>633764B6-7812-03ED-C91C-2CA24A99B450</targetEntity>
<transferable>true</transferable>
<deleteRule>NO ACTION</deleteRule>
</Relation>