<?xml version = '1.0' encoding = 'UTF-8'?>
<Entity class="oracle.dbtools.crest.model.design.logical.Entity" directorySegmentName="seg_0" id="16BE5F17-254C-F0EE-53C0-41953D03EA98" name="Report">
<createdBy>pawel</createdBy>
<createdTime>2023-04-28 13:05:35 UTC</createdTime>
<ownerDesignName>bd2_logical</ownerDesignName>
<engineerTo>
<item key="18DFC21A-30D3-DFF0-0575-8D4F12E10300" value="true"/>
</engineerTo>
<adequatelyNormalized>NO</adequatelyNormalized>
<expectedVolumes>0</expectedVolumes>
<fwdEngineeringStrategyName>Single Table</fwdEngineeringStrategyName>
<growthPercent>0</growthPercent>
<growthType>Year</growthType>
<maxVolumes>9999999</maxVolumes>
<minVolumes>0</minVolumes>
<normalForm>Third</normalForm>
<attributes itemClass="oracle.dbtools.crest.model.design.logical.Attribute">
<Attribute name="id" id="3D5FEEDF-96F5-0822-DB51-3E252A876906">
<createdBy>pawel</createdBy>
<createdTime>2023-04-28 13:05:45 UTC</createdTime>
<ownerDesignName>bd2_logical</ownerDesignName>
<engineerTo>
<item key="18DFC21A-30D3-DFF0-0575-8D4F12E10300" value="true"/>
</engineerTo>
<useDomainConstraints>false</useDomainConstraints>
<use>1</use>
<logicalDatatype>LOGDT011</logicalDatatype>
<ownDataTypeParameters>,,</ownDataTypeParameters>
</Attribute>
<Attribute name="rental_id" id="EE387642-2DDB-1FB1-68BF-5B9858436B5A">
<createdBy>pawel</createdBy>
<createdTime>2023-04-28 13:11:12 UTC</createdTime>
<generatorID>B8761461-0D1B-2792-92D9-E4CF28592E27</generatorID>
<ownerDesignName>bd2_logical</ownerDesignName>
<engineerTo>
<item key="18DFC21A-30D3-DFF0-0575-8D4F12E10300" value="true"/>
</engineerTo>
<referedAttribute>E751A442-F386-6757-A3A8-5FE93A25A34A</referedAttribute>
<useDomainConstraints>false</useDomainConstraints>
<use>1</use>
<logicalDatatype>LOGDT011</logicalDatatype>
<ownDataTypeParameters>,,</ownDataTypeParameters>
</Attribute>
<Attribute name="description" id="B6C8E418-A6A6-9C57-7FE7-4D33C33BFADD">
<createdBy>pawel</createdBy>
<createdTime>2023-04-28 13:05:53 UTC</createdTime>
<ownerDesignName>bd2_logical</ownerDesignName>
<engineerTo>
<item key="18DFC21A-30D3-DFF0-0575-8D4F12E10300" value="true"/>
</engineerTo>
<useDomainConstraints>false</useDomainConstraints>
<use>1</use>
<logicalDatatype>LOGDT024</logicalDatatype>
<dataTypeSize>1024 CHAR</dataTypeSize>
<ownDataTypeParameters>1024 CHAR,,</ownDataTypeParameters>
</Attribute>
<Attribute name="rate" id="8CAA3563-18F8-1D95-E31A-7C1EF8C76B24">
<createdBy>pawel</createdBy>
<createdTime>2023-04-28 13:06:16 UTC</createdTime>
<ownerDesignName>bd2_logical</ownerDesignName>
<engineerTo>
<item key="18DFC21A-30D3-DFF0-0575-8D4F12E10300" value="true"/>
</engineerTo>
<useDomainConstraints>false</useDomainConstraints>
<use>1</use>
<logicalDatatype>LOGDT011</logicalDatatype>
<ownDataTypeParameters>,,</ownDataTypeParameters>
</Attribute>
</attributes>
<identifiers itemClass="oracle.dbtools.crest.model.design.logical.CandidateKey">
<identifier id="3BC65601-8016-8F72-3A69-6CCF41A8E10A" name="Report PK">
<createdBy>pawel</createdBy>
<createdTime>2023-04-28 13:05:52 UTC</createdTime>
<ownerDesignName>bd2_logical</ownerDesignName>
<engineerTo>
<item key="18DFC21A-30D3-DFF0-0575-8D4F12E10300" value="true"/>
</engineerTo>
<pk>true</pk>
<usedAttributes>
<attributeRef>3D5FEEDF-96F5-0822-DB51-3E252A876906</attributeRef>
</usedAttributes>
</identifier>
</identifiers>
</Entity>