<?xml version = '1.0' encoding = 'UTF-8'?>
<Entity class="oracle.dbtools.crest.model.design.logical.Entity" directorySegmentName="seg_0" id="27211C3B-19DA-860E-5C84-DADD06A7667C" name="Rental">
<createdBy>pawel</createdBy>
<createdTime>2023-04-28 12:49:00 UTC</createdTime>
<ownerDesignName>bd2_logical</ownerDesignName>
<engineerTo>
<item key="18DFC21A-30D3-DFF0-0575-8D4F12E10300" value="true"/>
</engineerTo>
<adequatelyNormalized>NO</adequatelyNormalized>
<expectedVolumes>0</expectedVolumes>
<fwdEngineeringStrategyName>Single Table</fwdEngineeringStrategyName>
<growthPercent>0</growthPercent>
<growthType>Year</growthType>
<maxVolumes>9999999</maxVolumes>
<minVolumes>0</minVolumes>
<normalForm>Third</normalForm>
<attributes itemClass="oracle.dbtools.crest.model.design.logical.Attribute">
<Attribute name="id" id="E751A442-F386-6757-A3A8-5FE93A25A34A">
<createdBy>pawel</createdBy>
<createdTime>2023-04-28 12:49:05 UTC</createdTime>
<ownerDesignName>bd2_logical</ownerDesignName>
<engineerTo>
<item key="18DFC21A-30D3-DFF0-0575-8D4F12E10300" value="true"/>
</engineerTo>
<useDomainConstraints>false</useDomainConstraints>
<use>1</use>
<logicalDatatype>LOGDT011</logicalDatatype>
<ownDataTypeParameters>,,</ownDataTypeParameters>
</Attribute>
<Attribute name="station_id" id="C7121641-D40B-958A-5816-9DCF89E76D16">
<createdBy>pawel</createdBy>
<createdTime>2023-04-28 12:51:10 UTC</createdTime>
<generatorID>2531A968-74C9-8826-8673-1C335F3FD1B8</generatorID>
<ownerDesignName>bd2_logical</ownerDesignName>
<engineerTo>
<item key="18DFC21A-30D3-DFF0-0575-8D4F12E10300" value="true"/>
</engineerTo>
<referedAttribute>6BB28005-3691-D16E-2DDD-92D3956D4D54</referedAttribute>
<useDomainConstraints>false</useDomainConstraints>
<use>1</use>
<logicalDatatype>LOGDT011</logicalDatatype>
<ownDataTypeParameters>,,</ownDataTypeParameters>
</Attribute>
<Attribute name="car_id" id="C256E86C-CA58-5E2B-6486-6DE9D1B2C789">
<createdBy>pawel</createdBy>
<createdTime>2023-04-28 12:52:28 UTC</createdTime>
<generatorID>94A88F39-533A-89D4-64E1-1D31A8C2BC86</generatorID>
<ownerDesignName>bd2_logical</ownerDesignName>
<engineerTo>
<item key="18DFC21A-30D3-DFF0-0575-8D4F12E10300" value="true"/>
</engineerTo>
<referedAttribute>40FCF670-58B3-22B7-603C-F1D62EBCD3BA</referedAttribute>
<useDomainConstraints>false</useDomainConstraints>
<use>1</use>
<logicalDatatype>LOGDT011</logicalDatatype>
<ownDataTypeParameters>,,</ownDataTypeParameters>
</Attribute>
<Attribute name="client_id" id="A6526217-F760-D3BC-D362-1F07359303AC">
<createdBy>pawel</createdBy>
<createdTime>2023-04-28 13:01:37 UTC</createdTime>
<generatorID>729D5F0C-A14A-4A0E-7CAE-A64AAB457D9B</generatorID>
<ownerDesignName>bd2_logical</ownerDesignName>
<engineerTo>
<item key="18DFC21A-30D3-DFF0-0575-8D4F12E10300" value="true"/>
</engineerTo>
<referedAttribute>D396AC69-6CBF-8C0D-3217-406B20DE9E14</referedAttribute>
<useDomainConstraints>false</useDomainConstraints>
<use>1</use>
<logicalDatatype>LOGDT011</logicalDatatype>
<ownDataTypeParameters>,,</ownDataTypeParameters>
</Attribute>
<Attribute name="start_date" id="FDA4026B-6C65-7089-E6D2-74904A9EED66">
<createdBy>pawel</createdBy>
<createdTime>2023-04-28 12:49:07 UTC</createdTime>
<ownerDesignName>bd2_logical</ownerDesignName>
<engineerTo>
<item key="18DFC21A-30D3-DFF0-0575-8D4F12E10300" value="true"/>
</engineerTo>
<useDomainConstraints>false</useDomainConstraints>
<use>1</use>
<logicalDatatype>LOGDT008</logicalDatatype>
<ownDataTypeParameters>,,</ownDataTypeParameters>
</Attribute>
<Attribute name="end_date" id="D95A060A-3B71-6AFD-BC62-04E874D327A6">
<createdBy>pawel</createdBy>
<createdTime>2023-04-28 12:49:34 UTC</createdTime>
<ownerDesignName>bd2_logical</ownerDesignName>
<engineerTo>
<item key="18DFC21A-30D3-DFF0-0575-8D4F12E10300" value="true"/>
</engineerTo>
<useDomainConstraints>false</useDomainConstraints>
<use>1</use>
<logicalDatatype>LOGDT008</logicalDatatype>
<ownDataTypeParameters>,,</ownDataTypeParameters>
</Attribute>
<Attribute name="rental_status" id="E6EEBBDD-2118-652D-3CC4-EAD25CA5C4AC">
<createdBy>pawel</createdBy>
<createdTime>2023-04-28 12:49:43 UTC</createdTime>
<ownerDesignName>bd2_logical</ownerDesignName>
<engineerTo>
<item key="18DFC21A-30D3-DFF0-0575-8D4F12E10300" value="true"/>
</engineerTo>
<useDomainConstraints>false</useDomainConstraints>
<use>1</use>
<logicalDatatype>LOGDT024</logicalDatatype>
<dataTypeSize>255 CHAR</dataTypeSize>
<ownDataTypeParameters>255 CHAR,,</ownDataTypeParameters>
</Attribute>
</attributes>
<identifiers itemClass="oracle.dbtools.crest.model.design.logical.CandidateKey">
<identifier id="1C01D889-53F0-67F3-85A8-7A949069E344" name="Rental PK">
<createdBy>pawel</createdBy>
<createdTime>2023-04-28 12:49:13 UTC</createdTime>
<ownerDesignName>bd2_logical</ownerDesignName>
<engineerTo>
<item key="18DFC21A-30D3-DFF0-0575-8D4F12E10300" value="true"/>
</engineerTo>
<pk>true</pk>
<usedAttributes>
<attributeRef>E751A442-F386-6757-A3A8-5FE93A25A34A</attributeRef>
</usedAttributes>
</identifier>
</identifiers>
</Entity>