<?xml version = '1.0' encoding = 'UTF-8'?>
<Entity class="oracle.dbtools.crest.model.design.logical.Entity" directorySegmentName="seg_0" id="68BCA144-A616-887C-5072-45600169E4CF" name="Repair">
<createdBy>pawel</createdBy>
<createdTime>2023-04-28 13:22:07 UTC</createdTime>
<ownerDesignName>bd2_logical</ownerDesignName>
<engineerTo>
<item key="18DFC21A-30D3-DFF0-0575-8D4F12E10300" value="true"/>
</engineerTo>
<adequatelyNormalized>NO</adequatelyNormalized>
<expectedVolumes>0</expectedVolumes>
<fwdEngineeringStrategyName>Single Table</fwdEngineeringStrategyName>
<growthPercent>0</growthPercent>
<growthType>Year</growthType>
<maxVolumes>9999999</maxVolumes>
<minVolumes>0</minVolumes>
<normalForm>Third</normalForm>
<attributes itemClass="oracle.dbtools.crest.model.design.logical.Attribute">
<Attribute name="id" id="E3355007-FFBD-0D68-6FF7-69CE9AD9F8EA">
<createdBy>pawel</createdBy>
<createdTime>2023-04-28 13:22:13 UTC</createdTime>
<ownerDesignName>bd2_logical</ownerDesignName>
<engineerTo>
<item key="18DFC21A-30D3-DFF0-0575-8D4F12E10300" value="true"/>
</engineerTo>
<useDomainConstraints>false</useDomainConstraints>
<use>1</use>
<logicalDatatype>LOGDT011</logicalDatatype>
<ownDataTypeParameters>,,</ownDataTypeParameters>
</Attribute>
<Attribute name="repair_workshop_id" id="174E68CE-0B01-8B51-CE5C-E53D8552B66D">
<createdBy>pawel</createdBy>
<createdTime>2023-04-28 13:44:39 UTC</createdTime>
<generatorID>6D2D576F-F96A-AD74-9527-E826A8D9B84F</generatorID>
<ownerDesignName>bd2_logical</ownerDesignName>
<engineerTo>
<item key="18DFC21A-30D3-DFF0-0575-8D4F12E10300" value="true"/>
</engineerTo>
<referedAttribute>24901A88-33EA-1E18-36F8-A688A92E4545</referedAttribute>
<useDomainConstraints>false</useDomainConstraints>
<use>1</use>
<logicalDatatype>LOGDT011</logicalDatatype>
<ownDataTypeParameters>,,</ownDataTypeParameters>
</Attribute>
<Attribute name="insurance_company_id" id="E7C55F60-EFAA-2C04-A4FD-F946A258C3EC">
<createdBy>pawel</createdBy>
<createdTime>2023-04-28 13:44:22 UTC</createdTime>
<generatorID>77DE3D18-69F0-C62E-E6D9-5E318E402896</generatorID>
<ownerDesignName>bd2_logical</ownerDesignName>
<engineerTo>
<item key="18DFC21A-30D3-DFF0-0575-8D4F12E10300" value="true"/>
</engineerTo>
<referedAttribute>6F0C03F4-451C-2180-7B49-A4519DE192B4</referedAttribute>
<useDomainConstraints>false</useDomainConstraints>
<use>1</use>
<logicalDatatype>LOGDT011</logicalDatatype>
<ownDataTypeParameters>,,</ownDataTypeParameters>
</Attribute>
<Attribute name="cost" id="EA828295-EF48-C4A2-0385-1E5EA2B0A85A">
<createdBy>pawel</createdBy>
<createdTime>2023-04-28 13:22:20 UTC</createdTime>
<ownerDesignName>bd2_logical</ownerDesignName>
<engineerTo>
<item key="18DFC21A-30D3-DFF0-0575-8D4F12E10300" value="true"/>
</engineerTo>
<useDomainConstraints>false</useDomainConstraints>
<use>1</use>
<logicalDatatype>LOGDT043</logicalDatatype>
<ownDataTypeParameters>,,</ownDataTypeParameters>
</Attribute>
<Attribute name="start_date" id="09523959-7766-4F8D-D2C1-DF00ED98EC4F">
<createdBy>pawel</createdBy>
<createdTime>2023-04-28 13:22:30 UTC</createdTime>
<ownerDesignName>bd2_logical</ownerDesignName>
<engineerTo>
<item key="18DFC21A-30D3-DFF0-0575-8D4F12E10300" value="true"/>
</engineerTo>
<useDomainConstraints>false</useDomainConstraints>
<use>1</use>
<logicalDatatype>LOGDT008</logicalDatatype>
<ownDataTypeParameters>,,</ownDataTypeParameters>
</Attribute>
<Attribute name="end_date" id="D7589E81-A3F5-80A9-4C82-787FA7F2B859">
<createdBy>pawel</createdBy>
<createdTime>2023-04-28 13:22:50 UTC</createdTime>
<ownerDesignName>bd2_logical</ownerDesignName>
<engineerTo>
<item key="18DFC21A-30D3-DFF0-0575-8D4F12E10300" value="true"/>
</engineerTo>
<useDomainConstraints>false</useDomainConstraints>
<use>1</use>
<logicalDatatype>LOGDT008</logicalDatatype>
<ownDataTypeParameters>,,</ownDataTypeParameters>
</Attribute>
</attributes>
<identifiers itemClass="oracle.dbtools.crest.model.design.logical.CandidateKey">
<identifier id="B8B32D2B-E6E1-B7F8-5EBB-9413ABEB7C45" name="Repair PK">
<createdBy>pawel</createdBy>
<createdTime>2023-04-28 13:22:19 UTC</createdTime>
<ownerDesignName>bd2_logical</ownerDesignName>
<engineerTo>
<item key="18DFC21A-30D3-DFF0-0575-8D4F12E10300" value="true"/>
</engineerTo>
<pk>true</pk>
<usedAttributes>
<attributeRef>E3355007-FFBD-0D68-6FF7-69CE9AD9F8EA</attributeRef>
</usedAttributes>
</identifier>
</identifiers>
</Entity>