<?xml version = '1.0' encoding = 'UTF-8'?>
<Entity class="oracle.dbtools.crest.model.design.logical.Entity" directorySegmentName="seg_0" id="90D3C9A9-A78A-544D-FAFB-0BFBA5C60A43" name="Refund">
<createdBy>pawel</createdBy>
<createdTime>2023-04-28 13:03:00 UTC</createdTime>
<ownerDesignName>bd2_logical</ownerDesignName>
<engineerTo>
<item key="18DFC21A-30D3-DFF0-0575-8D4F12E10300" value="true"/>
</engineerTo>
<adequatelyNormalized>NO</adequatelyNormalized>
<expectedVolumes>0</expectedVolumes>
<fwdEngineeringStrategyName>Single Table</fwdEngineeringStrategyName>
<growthPercent>0</growthPercent>
<growthType>Year</growthType>
<maxVolumes>9999999</maxVolumes>
<minVolumes>0</minVolumes>
<normalForm>Third</normalForm>
<attributes itemClass="oracle.dbtools.crest.model.design.logical.Attribute">
<Attribute name="id" id="8FF3C17B-6F18-7F6E-64D8-9270B7D1514B">
<createdBy>pawel</createdBy>
<createdTime>2023-04-28 13:03:12 UTC</createdTime>
<ownerDesignName>bd2_logical</ownerDesignName>
<engineerTo>
<item key="18DFC21A-30D3-DFF0-0575-8D4F12E10300" value="true"/>
</engineerTo>
<useDomainConstraints>false</useDomainConstraints>
<use>1</use>
<logicalDatatype>LOGDT011</logicalDatatype>
<ownDataTypeParameters>,,</ownDataTypeParameters>
</Attribute>
<Attribute name="rental_id" id="9F948E97-CD0B-B762-67B0-C625D8DAAC0C">
<createdBy>pawel</createdBy>
<createdTime>2023-04-28 13:09:14 UTC</createdTime>
<generatorID>E9D8B9DA-FE6B-63CF-C512-DC6CCB1709C9</generatorID>
<ownerDesignName>bd2_logical</ownerDesignName>
<engineerTo>
<item key="18DFC21A-30D3-DFF0-0575-8D4F12E10300" value="true"/>
</engineerTo>
<referedAttribute>E751A442-F386-6757-A3A8-5FE93A25A34A</referedAttribute>
<useDomainConstraints>false</useDomainConstraints>
<use>1</use>
<logicalDatatype>LOGDT011</logicalDatatype>
<ownDataTypeParameters>,,</ownDataTypeParameters>
</Attribute>
<Attribute name="amount" id="5B649BB7-21B6-F469-8CDE-60B6814BBBD0">
<createdBy>pawel</createdBy>
<createdTime>2023-04-28 13:03:26 UTC</createdTime>
<ownerDesignName>bd2_logical</ownerDesignName>
<engineerTo>
<item key="18DFC21A-30D3-DFF0-0575-8D4F12E10300" value="true"/>
</engineerTo>
<useDomainConstraints>false</useDomainConstraints>
<use>1</use>
<logicalDatatype>LOGDT043</logicalDatatype>
<ownDataTypeParameters>,,</ownDataTypeParameters>
</Attribute>
<Attribute name="apology_message" id="65B7B598-5937-03C0-EF74-9B830940379C">
<createdBy>pawel</createdBy>
<createdTime>2023-04-28 13:04:03 UTC</createdTime>
<ownerDesignName>bd2_logical</ownerDesignName>
<engineerTo>
<item key="18DFC21A-30D3-DFF0-0575-8D4F12E10300" value="true"/>
</engineerTo>
<nullsAllowed>true</nullsAllowed>
<useDomainConstraints>false</useDomainConstraints>
<use>1</use>
<logicalDatatype>LOGDT024</logicalDatatype>
<dataTypeSize>512 CHAR</dataTypeSize>
<ownDataTypeParameters>512 CHAR,,</ownDataTypeParameters>
</Attribute>
<Attribute name="description" id="8FA4E309-9FD8-EF35-C151-9525B9267775">
<createdBy>pawel</createdBy>
<createdTime>2023-04-28 13:05:07 UTC</createdTime>
<ownerDesignName>bd2_logical</ownerDesignName>
<engineerTo>
<item key="18DFC21A-30D3-DFF0-0575-8D4F12E10300" value="true"/>
</engineerTo>
<nullsAllowed>true</nullsAllowed>
<useDomainConstraints>false</useDomainConstraints>
<use>1</use>
<logicalDatatype>LOGDT024</logicalDatatype>
<dataTypeSize>512 CHAR</dataTypeSize>
<ownDataTypeParameters>512 CHAR,,</ownDataTypeParameters>
</Attribute>
</attributes>
<identifiers itemClass="oracle.dbtools.crest.model.design.logical.CandidateKey">
<identifier id="93827E80-91DC-BC8E-515E-10C3708DA0CC" name="Refund PK">
<createdBy>pawel</createdBy>
<createdTime>2023-04-28 13:03:24 UTC</createdTime>
<ownerDesignName>bd2_logical</ownerDesignName>
<engineerTo>
<item key="18DFC21A-30D3-DFF0-0575-8D4F12E10300" value="true"/>
</engineerTo>
<pk>true</pk>
<usedAttributes>
<attributeRef>8FF3C17B-6F18-7F6E-64D8-9270B7D1514B</attributeRef>
</usedAttributes>
</identifier>
</identifiers>
</Entity>