<?xml version = '1.0' encoding = 'UTF-8'?>
<Entity class="oracle.dbtools.crest.model.design.logical.Entity" directorySegmentName="seg_0" id="AF454C9D-58DC-0193-EEDB-5B73D9574F27" name="CarFault">
<createdBy>pawel</createdBy>
<createdTime>2023-04-28 13:15:50 UTC</createdTime>
<ownerDesignName>bd2_logical</ownerDesignName>
<engineerTo>
<item key="18DFC21A-30D3-DFF0-0575-8D4F12E10300" value="true"/>
</engineerTo>
<adequatelyNormalized>NO</adequatelyNormalized>
<expectedVolumes>0</expectedVolumes>
<fwdEngineeringStrategyName>Single Table</fwdEngineeringStrategyName>
<growthPercent>0</growthPercent>
<growthType>Year</growthType>
<maxVolumes>9999999</maxVolumes>
<minVolumes>0</minVolumes>
<normalForm>Third</normalForm>
<attributes itemClass="oracle.dbtools.crest.model.design.logical.Attribute">
<Attribute name="id" id="D4782779-F1FC-B462-CC84-853DCDA2D673">
<createdBy>pawel</createdBy>
<createdTime>2023-04-28 13:16:08 UTC</createdTime>
<ownerDesignName>bd2_logical</ownerDesignName>
<engineerTo>
<item key="18DFC21A-30D3-DFF0-0575-8D4F12E10300" value="true"/>
</engineerTo>
<useDomainConstraints>false</useDomainConstraints>
<use>1</use>
<logicalDatatype>LOGDT011</logicalDatatype>
<ownDataTypeParameters>,,</ownDataTypeParameters>
</Attribute>
<Attribute name="report_id" id="56AE21C8-DECD-6DD6-07AF-5A86021E7270">
<createdBy>pawel</createdBy>
<createdTime>2023-04-28 13:18:05 UTC</createdTime>
<generatorID>6B4D15A2-8841-90FF-4CD5-6513BF19E97B</generatorID>
<ownerDesignName>bd2_logical</ownerDesignName>
<engineerTo>
<item key="18DFC21A-30D3-DFF0-0575-8D4F12E10300" value="true"/>
</engineerTo>
<nullsAllowed>true</nullsAllowed>
<referedAttribute>3D5FEEDF-96F5-0822-DB51-3E252A876906</referedAttribute>
<useDomainConstraints>false</useDomainConstraints>
<use>1</use>
<logicalDatatype>LOGDT011</logicalDatatype>
<ownDataTypeParameters>,,</ownDataTypeParameters>
</Attribute>
<Attribute name="repair_id" id="BAFEC983-3A12-F6BE-FDC2-AD690C10F93F">
<createdBy>pawel</createdBy>
<createdTime>2023-04-28 13:46:41 UTC</createdTime>
<generatorID>69883524-A6EF-5895-59A1-607137774938</generatorID>
<ownerDesignName>bd2_logical</ownerDesignName>
<engineerTo>
<item key="18DFC21A-30D3-DFF0-0575-8D4F12E10300" value="true"/>
</engineerTo>
<referedAttribute>E3355007-FFBD-0D68-6FF7-69CE9AD9F8EA</referedAttribute>
<useDomainConstraints>false</useDomainConstraints>
<use>1</use>
<logicalDatatype>LOGDT011</logicalDatatype>
<ownDataTypeParameters>,,</ownDataTypeParameters>
</Attribute>
<Attribute name="description" id="D31E468A-2267-431F-B40F-6E4DD1A2C800">
<createdBy>pawel</createdBy>
<createdTime>2023-04-28 13:16:15 UTC</createdTime>
<ownerDesignName>bd2_logical</ownerDesignName>
<engineerTo>
<item key="18DFC21A-30D3-DFF0-0575-8D4F12E10300" value="true"/>
</engineerTo>
<nullsAllowed>true</nullsAllowed>
<useDomainConstraints>false</useDomainConstraints>
<use>1</use>
<logicalDatatype>LOGDT024</logicalDatatype>
<dataTypeSize>1024 CHAR</dataTypeSize>
<ownDataTypeParameters>1024 CHAR,,</ownDataTypeParameters>
</Attribute>
<Attribute name="status" id="9AB8EB48-7862-34EC-BF46-09241540D21E">
<createdBy>pawel</createdBy>
<createdTime>2023-04-28 13:51:30 UTC</createdTime>
<ownerDesignName>bd2_logical</ownerDesignName>
<engineerTo>
<item key="18DFC21A-30D3-DFF0-0575-8D4F12E10300" value="true"/>
</engineerTo>
<useDomainConstraints>false</useDomainConstraints>
<use>1</use>
<logicalDatatype>LOGDT024</logicalDatatype>
<dataTypeSize>255 CHAR</dataTypeSize>
<ownDataTypeParameters>255 CHAR,,</ownDataTypeParameters>
</Attribute>
</attributes>
<identifiers itemClass="oracle.dbtools.crest.model.design.logical.CandidateKey">
<identifier id="4C33ED5D-EAB0-17DD-3A26-CA0AE903D070" name="CarFault PK">
<createdBy>pawel</createdBy>
<createdTime>2023-04-28 13:16:14 UTC</createdTime>
<ownerDesignName>bd2_logical</ownerDesignName>
<engineerTo>
<item key="18DFC21A-30D3-DFF0-0575-8D4F12E10300" value="true"/>
</engineerTo>
<pk>true</pk>
<usedAttributes>
<attributeRef>D4782779-F1FC-B462-CC84-853DCDA2D673</attributeRef>
</usedAttributes>
</identifier>
</identifiers>
</Entity>