<?xml version = '1.0' encoding = 'UTF-8'?>
<Entity class="oracle.dbtools.crest.model.design.logical.Entity" directorySegmentName="seg_0" id="B189EC73-10B2-CD75-8E9F-959E1095E084" name="Car">
<createdBy>pawel</createdBy>
<createdTime>2023-04-28 12:16:27 UTC</createdTime>
<ownerDesignName>bd2_logical</ownerDesignName>
<engineerTo>
<item key="18DFC21A-30D3-DFF0-0575-8D4F12E10300" value="true"/>
</engineerTo>
<adequatelyNormalized>NO</adequatelyNormalized>
<expectedVolumes>0</expectedVolumes>
<fwdEngineeringStrategyName>Single Table</fwdEngineeringStrategyName>
<growthPercent>0</growthPercent>
<growthType>Year</growthType>
<maxVolumes>9999999</maxVolumes>
<minVolumes>0</minVolumes>
<normalForm>Third</normalForm>
<attributes itemClass="oracle.dbtools.crest.model.design.logical.Attribute">
<Attribute name="id" id="40FCF670-58B3-22B7-603C-F1D62EBCD3BA">
<createdBy>pawel</createdBy>
<createdTime>2023-04-28 12:16:32 UTC</createdTime>
<ownerDesignName>bd2_logical</ownerDesignName>
<engineerTo>
<item key="18DFC21A-30D3-DFF0-0575-8D4F12E10300" value="true"/>
</engineerTo>
<useDomainConstraints>false</useDomainConstraints>
<use>1</use>
<logicalDatatype>LOGDT011</logicalDatatype>
<ownDataTypeParameters>,,</ownDataTypeParameters>
</Attribute>
<Attribute name="car_model_id" id="ECED2DC1-FB37-236A-12EC-B28A202D3F53">
<createdBy>pawel</createdBy>
<createdTime>2023-04-28 12:28:48 UTC</createdTime>
<generatorID>94FEBA18-CEB7-2211-B36D-A6F802FFBC02</generatorID>
<ownerDesignName>bd2_logical</ownerDesignName>
<engineerTo>
<item key="18DFC21A-30D3-DFF0-0575-8D4F12E10300" value="true"/>
</engineerTo>
<referedAttribute>1795B629-2991-7A79-4982-658F387DA2BF</referedAttribute>
<useDomainConstraints>false</useDomainConstraints>
<use>1</use>
<logicalDatatype>LOGDT011</logicalDatatype>
<ownDataTypeParameters>,,</ownDataTypeParameters>
</Attribute>
<Attribute name="rental_station_id" id="7D4C60CD-5986-40BD-439A-6B7F58E9F1B1">
<createdBy>pawel</createdBy>
<createdTime>2023-04-28 12:27:23 UTC</createdTime>
<generatorID>CFF889AB-64F8-64C8-E5CF-9BDB1A456FC6</generatorID>
<ownerDesignName>bd2_logical</ownerDesignName>
<engineerTo>
<item key="18DFC21A-30D3-DFF0-0575-8D4F12E10300" value="true"/>
</engineerTo>
<referedAttribute>6BB28005-3691-D16E-2DDD-92D3956D4D54</referedAttribute>
<useDomainConstraints>false</useDomainConstraints>
<use>1</use>
<logicalDatatype>LOGDT011</logicalDatatype>
<ownDataTypeParameters>,,</ownDataTypeParameters>
</Attribute>
<Attribute name="car_status" id="94026018-753F-B2DE-61FF-DAC7AD6C6F05">
<createdBy>pawel</createdBy>
<createdTime>2023-04-28 12:16:41 UTC</createdTime>
<ownerDesignName>bd2_logical</ownerDesignName>
<engineerTo>
<item key="18DFC21A-30D3-DFF0-0575-8D4F12E10300" value="true"/>
</engineerTo>
<useDomainConstraints>false</useDomainConstraints>
<use>1</use>
<logicalDatatype>LOGDT024</logicalDatatype>
<dataTypeSize>255 CHAR</dataTypeSize>
<ownDataTypeParameters>255 CHAR,,</ownDataTypeParameters>
</Attribute>
<Attribute name="insurance_start_date" id="59D32AAD-B8F8-C475-2E05-0265ABA13AE6">
<createdBy>pawel</createdBy>
<createdTime>2023-04-28 12:22:22 UTC</createdTime>
<ownerDesignName>bd2_logical</ownerDesignName>
<engineerTo>
<item key="18DFC21A-30D3-DFF0-0575-8D4F12E10300" value="true"/>
</engineerTo>
<useDomainConstraints>false</useDomainConstraints>
<use>1</use>
<logicalDatatype>LOGDT007</logicalDatatype>
<ownDataTypeParameters>,,</ownDataTypeParameters>
</Attribute>
<Attribute name="insurance_end_date" id="755A614E-760B-7200-1AD8-E5C7FA88217A">
<createdBy>pawel</createdBy>
<createdTime>2023-04-28 12:24:58 UTC</createdTime>
<ownerDesignName>bd2_logical</ownerDesignName>
<engineerTo>
<item key="18DFC21A-30D3-DFF0-0575-8D4F12E10300" value="true"/>
</engineerTo>
<useDomainConstraints>false</useDomainConstraints>
<use>1</use>
<logicalDatatype>LOGDT007</logicalDatatype>
<ownDataTypeParameters>,,</ownDataTypeParameters>
</Attribute>
<Attribute name="plate" id="54FCC776-02C0-693D-033C-EB4638C26F6C">
<createdBy>pawel</createdBy>
<createdTime>2023-04-28 12:25:16 UTC</createdTime>
<ownerDesignName>bd2_logical</ownerDesignName>
<engineerTo>
<item key="18DFC21A-30D3-DFF0-0575-8D4F12E10300" value="true"/>
</engineerTo>
<useDomainConstraints>false</useDomainConstraints>
<use>1</use>
<logicalDatatype>LOGDT024</logicalDatatype>
<dataTypeSize>255 CHAR</dataTypeSize>
<ownDataTypeParameters>255 CHAR,,</ownDataTypeParameters>
</Attribute>
</attributes>
<identifiers itemClass="oracle.dbtools.crest.model.design.logical.CandidateKey">
<identifier id="73478E32-0B19-5726-5748-B10B1FE82603" name="Car PK">
<createdBy>pawel</createdBy>
<createdTime>2023-04-28 12:16:41 UTC</createdTime>
<ownerDesignName>bd2_logical</ownerDesignName>
<engineerTo>
<item key="18DFC21A-30D3-DFF0-0575-8D4F12E10300" value="true"/>
</engineerTo>
<pk>true</pk>
<usedAttributes>
<attributeRef>40FCF670-58B3-22B7-603C-F1D62EBCD3BA</attributeRef>
</usedAttributes>
</identifier>
</identifiers>
</Entity>