<?xml version = '1.0' encoding = 'UTF-8'?>
<Entity class="oracle.dbtools.crest.model.design.logical.Entity" directorySegmentName="seg_0" id="B5AC5C49-FF96-BA5E-02E4-343CA8A9D998" name="TrafficViolation">
<createdBy>pawel</createdBy>
<createdTime>2023-04-28 13:06:55 UTC</createdTime>
<ownerDesignName>bd2_logical</ownerDesignName>
<engineerTo>
<item key="18DFC21A-30D3-DFF0-0575-8D4F12E10300" value="true"/>
</engineerTo>
<adequatelyNormalized>NO</adequatelyNormalized>
<expectedVolumes>0</expectedVolumes>
<fwdEngineeringStrategyName>Single Table</fwdEngineeringStrategyName>
<growthPercent>0</growthPercent>
<growthType>Year</growthType>
<maxVolumes>9999999</maxVolumes>
<minVolumes>0</minVolumes>
<normalForm>Third</normalForm>
<attributes itemClass="oracle.dbtools.crest.model.design.logical.Attribute">
<Attribute name="id" id="67D1B65B-B1A9-8AA7-A04D-36DDCCFC3A26">
<createdBy>pawel</createdBy>
<createdTime>2023-04-28 13:07:05 UTC</createdTime>
<ownerDesignName>bd2_logical</ownerDesignName>
<engineerTo>
<item key="18DFC21A-30D3-DFF0-0575-8D4F12E10300" value="true"/>
</engineerTo>
<useDomainConstraints>false</useDomainConstraints>
<use>1</use>
<logicalDatatype>LOGDT011</logicalDatatype>
<ownDataTypeParameters>,,</ownDataTypeParameters>
</Attribute>
<Attribute name="rental_id" id="7903A0BA-A95D-DD36-E8EF-B6A22B04F674">
<createdBy>pawel</createdBy>
<createdTime>2023-04-28 13:12:53 UTC</createdTime>
<generatorID>22D3E393-7556-94A9-8F68-BA39D1EAD292</generatorID>
<ownerDesignName>bd2_logical</ownerDesignName>
<engineerTo>
<item key="18DFC21A-30D3-DFF0-0575-8D4F12E10300" value="true"/>
</engineerTo>
<referedAttribute>E751A442-F386-6757-A3A8-5FE93A25A34A</referedAttribute>
<useDomainConstraints>false</useDomainConstraints>
<use>1</use>
<logicalDatatype>LOGDT011</logicalDatatype>
<ownDataTypeParameters>,,</ownDataTypeParameters>
</Attribute>
<Attribute name="description" id="4600E02F-106F-55AB-FA36-D660CEF00F24">
<createdBy>pawel</createdBy>
<createdTime>2023-04-28 13:07:15 UTC</createdTime>
<ownerDesignName>bd2_logical</ownerDesignName>
<engineerTo>
<item key="18DFC21A-30D3-DFF0-0575-8D4F12E10300" value="true"/>
</engineerTo>
<useDomainConstraints>false</useDomainConstraints>
<use>1</use>
<logicalDatatype>LOGDT024</logicalDatatype>
<dataTypeSize>1024 CHAR</dataTypeSize>
<ownDataTypeParameters>1024 CHAR,,</ownDataTypeParameters>
</Attribute>
<Attribute name="fine" id="D2E9CCE5-617F-835E-9D50-C8207F9F27FF">
<createdBy>pawel</createdBy>
<createdTime>2023-04-28 13:07:28 UTC</createdTime>
<ownerDesignName>bd2_logical</ownerDesignName>
<engineerTo>
<item key="18DFC21A-30D3-DFF0-0575-8D4F12E10300" value="true"/>
</engineerTo>
<useDomainConstraints>false</useDomainConstraints>
<use>1</use>
<logicalDatatype>LOGDT043</logicalDatatype>
<ownDataTypeParameters>,,</ownDataTypeParameters>
</Attribute>
<Attribute name="penalty_points" id="CD6CF1D1-C423-520C-834D-FB854D14D030">
<createdBy>pawel</createdBy>
<createdTime>2023-04-28 13:07:54 UTC</createdTime>
<ownerDesignName>bd2_logical</ownerDesignName>
<engineerTo>
<item key="18DFC21A-30D3-DFF0-0575-8D4F12E10300" value="true"/>
</engineerTo>
<useDomainConstraints>false</useDomainConstraints>
<use>1</use>
<logicalDatatype>LOGDT011</logicalDatatype>
<ownDataTypeParameters>,,</ownDataTypeParameters>
</Attribute>
</attributes>
<identifiers itemClass="oracle.dbtools.crest.model.design.logical.CandidateKey">
<identifier id="F9DF489C-789E-A5E6-DE5E-7516E77869CC" name="TrafficViolation PK">
<createdBy>pawel</createdBy>
<createdTime>2023-04-28 13:07:11 UTC</createdTime>
<ownerDesignName>bd2_logical</ownerDesignName>
<engineerTo>
<item key="18DFC21A-30D3-DFF0-0575-8D4F12E10300" value="true"/>
</engineerTo>
<pk>true</pk>
<usedAttributes>
<attributeRef>67D1B65B-B1A9-8AA7-A04D-36DDCCFC3A26</attributeRef>
</usedAttributes>
</identifier>
</identifiers>
</Entity>