<?xml version = '1.0' encoding = 'UTF-8'?>
<Entity class="oracle.dbtools.crest.model.design.logical.Entity" directorySegmentName="seg_0" id="E854A551-B95C-180B-C526-D098A65D69A5" name="CarModel">
<createdBy>pawel</createdBy>
<createdTime>2023-04-28 11:41:35 UTC</createdTime>
<ownerDesignName>bd2_logical</ownerDesignName>
<engineerTo>
<item key="18DFC21A-30D3-DFF0-0575-8D4F12E10300" value="true"/>
</engineerTo>
<adequatelyNormalized>NO</adequatelyNormalized>
<expectedVolumes>0</expectedVolumes>
<fwdEngineeringStrategyName>Single Table</fwdEngineeringStrategyName>
<growthPercent>0</growthPercent>
<growthType>Year</growthType>
<maxVolumes>9999999</maxVolumes>
<minVolumes>0</minVolumes>
<normalForm>Third</normalForm>
<attributes itemClass="oracle.dbtools.crest.model.design.logical.Attribute">
<Attribute name="id" id="1795B629-2991-7A79-4982-658F387DA2BF">
<createdBy>pawel</createdBy>
<createdTime>2023-04-28 11:41:49 UTC</createdTime>
<ownerDesignName>bd2_logical</ownerDesignName>
<engineerTo>
<item key="18DFC21A-30D3-DFF0-0575-8D4F12E10300" value="true"/>
</engineerTo>
<useDomainConstraints>false</useDomainConstraints>
<use>1</use>
<logicalDatatype>LOGDT011</logicalDatatype>
<ownDataTypeParameters>,,</ownDataTypeParameters>
</Attribute>
<Attribute name="brand_id" id="BBC2A74E-167A-B877-623E-80F2FF945983">
<createdBy>pawel</createdBy>
<createdTime>2023-04-28 11:53:38 UTC</createdTime>
<generatorID>1765617B-889C-DB6B-863E-7F07A99C9763</generatorID>
<ownerDesignName>bd2_logical</ownerDesignName>
<engineerTo>
<item key="18DFC21A-30D3-DFF0-0575-8D4F12E10300" value="true"/>
</engineerTo>
<referedAttribute>B872B286-115F-096B-6661-922EB03D0D68</referedAttribute>
<useDomainConstraints>false</useDomainConstraints>
<use>1</use>
<logicalDatatype>LOGDT011</logicalDatatype>
<ownDataTypeParameters>,,</ownDataTypeParameters>
</Attribute>
<Attribute name="car_type_id" id="F19CF540-A024-C023-7110-E2973F1AE921">
<createdBy>pawel</createdBy>
<createdTime>2023-04-28 11:56:10 UTC</createdTime>
<generatorID>4CE1A249-572B-FB0B-7830-EEC9C3D3A0EE</generatorID>
<ownerDesignName>bd2_logical</ownerDesignName>
<engineerTo>
<item key="18DFC21A-30D3-DFF0-0575-8D4F12E10300" value="true"/>
</engineerTo>
<referedAttribute>5BB1B595-14D0-493C-86FA-81BBBA6A8E33</referedAttribute>
<useDomainConstraints>false</useDomainConstraints>
<use>1</use>
<logicalDatatype>LOGDT011</logicalDatatype>
<ownDataTypeParameters>,,</ownDataTypeParameters>
</Attribute>
<Attribute name="price_list_id" id="64C2AF6A-8FF0-699F-8686-1147191E6965">
<createdBy>pawel</createdBy>
<createdTime>2023-04-28 12:05:55 UTC</createdTime>
<generatorID>08761B2E-2CA3-4224-8DED-9D46D2030F0E</generatorID>
<ownerDesignName>bd2_logical</ownerDesignName>
<engineerTo>
<item key="18DFC21A-30D3-DFF0-0575-8D4F12E10300" value="true"/>
</engineerTo>
<referedAttribute>A44FD6B0-4C3D-C3CC-0979-053DDBEB3298</referedAttribute>
<useDomainConstraints>false</useDomainConstraints>
<use>1</use>
<logicalDatatype>LOGDT011</logicalDatatype>
<ownDataTypeParameters>,,</ownDataTypeParameters>
</Attribute>
<Attribute name="doors_number" id="C4A51712-D3ED-B616-B686-5B85AAF4CC27">
<createdBy>pawel</createdBy>
<createdTime>2023-04-28 12:02:20 UTC</createdTime>
<ownerDesignName>bd2_logical</ownerDesignName>
<engineerTo>
<item key="18DFC21A-30D3-DFF0-0575-8D4F12E10300" value="true"/>
</engineerTo>
<useDomainConstraints>false</useDomainConstraints>
<use>1</use>
<logicalDatatype>LOGDT011</logicalDatatype>
<ownDataTypeParameters>,,</ownDataTypeParameters>
</Attribute>
<Attribute name="name" id="44AB9F1A-13EA-5EE1-34B6-047255A487B5">
<createdBy>pawel</createdBy>
<createdTime>2023-04-28 12:02:40 UTC</createdTime>
<ownerDesignName>bd2_logical</ownerDesignName>
<engineerTo>
<item key="18DFC21A-30D3-DFF0-0575-8D4F12E10300" value="true"/>
</engineerTo>
<useDomainConstraints>false</useDomainConstraints>
<use>1</use>
<logicalDatatype>LOGDT024</logicalDatatype>
<dataTypeSize>255 CHAR</dataTypeSize>
<ownDataTypeParameters>255 CHAR,,</ownDataTypeParameters>
</Attribute>
<Attribute name="seats_number" id="4D83F097-18C3-5DF8-9820-C401E97EA215">
<createdBy>pawel</createdBy>
<createdTime>2023-04-28 12:02:53 UTC</createdTime>
<ownerDesignName>bd2_logical</ownerDesignName>
<engineerTo>
<item key="18DFC21A-30D3-DFF0-0575-8D4F12E10300" value="true"/>
</engineerTo>
<useDomainConstraints>false</useDomainConstraints>
<use>1</use>
<logicalDatatype>LOGDT011</logicalDatatype>
<ownDataTypeParameters>,,</ownDataTypeParameters>
</Attribute>
<Attribute name="trunk_capacity" id="E1310069-B0D1-78FA-8A63-8CF296694999">
<createdBy>pawel</createdBy>
<createdTime>2023-04-28 12:03:13 UTC</createdTime>
<ownerDesignName>bd2_logical</ownerDesignName>
<engineerTo>
<item key="18DFC21A-30D3-DFF0-0575-8D4F12E10300" value="true"/>
</engineerTo>
<useDomainConstraints>false</useDomainConstraints>
<use>1</use>
<logicalDatatype>LOGDT011</logicalDatatype>
<ownDataTypeParameters>,,</ownDataTypeParameters>
</Attribute>
<Attribute name="produced_date" id="94F1CE86-9A9B-15B7-FE2E-91BF18053C7F">
<createdBy>pawel</createdBy>
<createdTime>2023-04-28 12:20:41 UTC</createdTime>
<ownerDesignName>bd2_logical</ownerDesignName>
<engineerTo>
<item key="18DFC21A-30D3-DFF0-0575-8D4F12E10300" value="true"/>
</engineerTo>
<useDomainConstraints>false</useDomainConstraints>
<use>1</use>
<logicalDatatype>LOGDT008</logicalDatatype>
<ownDataTypeParameters>,,</ownDataTypeParameters>
</Attribute>
</attributes>
<identifiers itemClass="oracle.dbtools.crest.model.design.logical.CandidateKey">
<identifier id="9D907B13-0894-5139-BE1A-157AFEEFB771" name="Car PK">
<createdBy>pawel</createdBy>
<createdTime>2023-04-28 11:41:59 UTC</createdTime>
<ownerDesignName>bd2_logical</ownerDesignName>
<engineerTo>
<item key="18DFC21A-30D3-DFF0-0575-8D4F12E10300" value="true"/>
</engineerTo>
<pk>true</pk>
<usedAttributes>
<attributeRef>1795B629-2991-7A79-4982-658F387DA2BF</attributeRef>
</usedAttributes>
</identifier>
</identifiers>
</Entity>