<?xml version = '1.0' encoding = 'UTF-8'?>
<Diagram class="oracle.dbtools.crest.swingui.logical.DPVLogical" name="Logical" id="9DCC13A7-274A-E5F4-5691-26268018DAD7">
<createdBy>pawel</createdBy>
<modifiedBy>pawel</modifiedBy>
<createdTime>2023-04-28 11:41:35 UTC</createdTime>
<autoRoute>false</autoRoute>
<boxInbox>true</boxInbox>
<showLegend>false</showLegend>
<showLabels>false</showLabels>
<showRelAttributes>false</showRelAttributes>
<gridEnabled>false</gridEnabled>
<showGrid>false</showGrid>
<diagramColor>-1</diagramColor>
<display>false</display>
<notation>1</notation>
<objectViews>
<OView class="oracle.dbtools.crest.swingui.logical.TVEntity" oid="16BE5F17-254C-F0EE-53C0-41953D03EA98" otype="Entity" vid="D027A013-F38A-91FC-8E81-C7395E275045">
<hideElementsInCurrentOnly>false</hideElementsInCurrentOnly>
<bounds x="618" y="221" width="175" height="70"/>
</OView>
<OView class="oracle.dbtools.crest.swingui.logical.TVEntity" oid="16DD8FED-A5FC-303B-8EB3-CD7DBCC516FA" otype="Entity" vid="27787BB8-85FB-B9A2-ECD9-D732FFB49E63">
<hideElementsInCurrentOnly>false</hideElementsInCurrentOnly>
<bounds x="187" y="229" width="147" height="100"/>
</OView>
<OView class="oracle.dbtools.crest.swingui.logical.TVEntity" oid="27211C3B-19DA-860E-5C84-DADD06A7667C" otype="Entity" vid="E8C6980C-7E1C-C700-B28A-BCD646C44590">
<hideElementsInCurrentOnly>false</hideElementsInCurrentOnly>
<bounds x="621" y="329" width="217" height="96"/>
</OView>
<OView class="oracle.dbtools.crest.swingui.logical.TVEntity" oid="38266D81-4C12-B0F0-0B96-B9FBB5CF54F2" otype="Entity" vid="42048D5D-6076-D2BF-D90C-98845AD6289F">
<hideElementsInCurrentOnly>false</hideElementsInCurrentOnly>
<bounds x="647" y="554" width="165" height="63"/>
</OView>
<OView class="oracle.dbtools.crest.swingui.logical.TVEntity" oid="3D55AFFA-9328-525A-7F49-E8870DC584D3" otype="Entity" vid="C3AE0580-C3A2-B6F1-DAF5-B9BF84431AEA">
<hideElementsInCurrentOnly>false</hideElementsInCurrentOnly>
<bounds x="217" y="747" width="167" height="88"/>
</OView>
<OView class="oracle.dbtools.crest.swingui.logical.TVEntity" oid="633764B6-7812-03ED-C91C-2CA24A99B450" otype="Entity" vid="51640430-6937-DA9E-7B57-88E9954487BC">
<hideElementsInCurrentOnly>false</hideElementsInCurrentOnly>
<bounds x="942" y="558" width="123" height="88"/>
</OView>
<OView class="oracle.dbtools.crest.swingui.logical.TVEntity" oid="68BCA144-A616-887C-5072-45600169E4CF" otype="Entity" vid="963410F6-7F49-63FE-54FE-B534454BD4D2">
<hideElementsInCurrentOnly>false</hideElementsInCurrentOnly>
<bounds x="119" y="40" width="158" height="101"/>
</OView>
<OView class="oracle.dbtools.crest.swingui.logical.TVEntity" oid="8F343F5B-4BCE-F832-17DD-CB34F1300915" otype="Entity" vid="9005054D-334A-AC5D-EDBF-F948FBE57B4D">
<hideElementsInCurrentOnly>false</hideElementsInCurrentOnly>
<bounds x="941" y="653" width="126" height="94"/>
</OView>
<OView class="oracle.dbtools.crest.swingui.logical.TVEntity" oid="90D3C9A9-A78A-544D-FAFB-0BFBA5C60A43" otype="Entity" vid="590E7DD0-E994-3E91-8036-2F1A7A7FD7B7">
<hideElementsInCurrentOnly>false</hideElementsInCurrentOnly>
<bounds x="384" y="223" width="174" height="79"/>
</OView>
<OView class="oracle.dbtools.crest.swingui.logical.TVEntity" oid="AF454C9D-58DC-0193-EEDB-5B73D9574F27" otype="Entity" vid="2B5FDF33-9DBA-7F70-3795-3FF874A4CDC8">
<hideElementsInCurrentOnly>false</hideElementsInCurrentOnly>
<bounds x="478" y="17" width="170" height="111"/>
</OView>
<OView class="oracle.dbtools.crest.swingui.logical.TVEntity" oid="B189EC73-10B2-CD75-8E9F-959E1095E084" otype="Entity" vid="F59AFA40-078A-CBDB-5F3C-95358D7480FA">
<hideElementsInCurrentOnly>false</hideElementsInCurrentOnly>
<bounds x="409" y="417" width="168" height="128"/>
</OView>
<OView class="oracle.dbtools.crest.swingui.logical.TVEntity" oid="B5459E53-EFD1-44DE-81E6-A70B420C60E2" otype="Entity" vid="479BBF8C-D808-41CD-1BEC-A24C98819AEC">
<hideElementsInCurrentOnly>false</hideElementsInCurrentOnly>
<bounds x="612" y="749" width="167" height="86"/>
</OView>
<OView class="oracle.dbtools.crest.swingui.logical.TVEntity" oid="B5AC5C49-FF96-BA5E-02E4-343CA8A9D998" otype="Entity" vid="BC818902-10ED-523D-3B45-473F0CC058BE">
<hideElementsInCurrentOnly>false</hideElementsInCurrentOnly>
<bounds x="852" y="216" width="169" height="85"/>
</OView>
<OView class="oracle.dbtools.crest.swingui.logical.TVEntity" oid="B9BA651D-961F-05CC-21FA-BBD72644B2EA" otype="Entity" vid="043773B2-B11C-26A7-6E2E-247E27B513AA">
<hideElementsInCurrentOnly>false</hideElementsInCurrentOnly>
<bounds x="926" y="433" width="174" height="324"/>
</OView>
<OView class="oracle.dbtools.crest.swingui.logical.TVEntity" oid="BE345608-31A5-2B95-B725-F18EA2C313FC" otype="Entity" vid="E371096C-A0E4-8005-5FCE-A8C503181686">
<hideElementsInCurrentOnly>false</hideElementsInCurrentOnly>
<bounds x="23" y="228" width="153" height="99"/>
</OView>
<OView class="oracle.dbtools.crest.swingui.logical.TVEntity" oid="E4D7628F-ACE1-497F-DE1F-17C688BC6EF1" otype="Entity" vid="0DD82639-E212-B6E2-EB79-F6409520964A">
<hideElementsInCurrentOnly>false</hideElementsInCurrentOnly>
<bounds x="415" y="749" width="169" height="86"/>
</OView>
<OView class="oracle.dbtools.crest.swingui.logical.TVEntity" oid="E854A551-B95C-180B-C526-D098A65D69A5" otype="Entity" vid="51CD8853-9433-9B7C-8243-12B8381A55DF">
<hideElementsInCurrentOnly>false</hideElementsInCurrentOnly>
<bounds x="407" y="596" width="155" height="112"/>
</OView>
</objectViews>
<connectors>
<Connector class="oracle.dbtools.crest.swingui.logical.TVRelation" oid="08761B2E-2CA3-4224-8DED-9D46D2030F0E" otype="Relation" vid_source="51CD8853-9433-9B7C-8243-12B8381A55DF" vid_target="479BBF8C-D808-41CD-1BEC-A24C98819AEC">
<hideElementsInCurrentOnly>false</hideElementsInCurrentOnly>
<backgroundColor>-16777216</backgroundColor>
<lineWidth>1</lineWidth>
<points>
<point x="562" y="703"/>
<point x="630" y="749"/>
</points>
</Connector>
<Connector class="oracle.dbtools.crest.swingui.logical.TVRelation" oid="1765617B-889C-DB6B-863E-7F07A99C9763" otype="Relation" vid_source="51CD8853-9433-9B7C-8243-12B8381A55DF" vid_target="C3AE0580-C3A2-B6F1-DAF5-B9BF84431AEA">
<hideElementsInCurrentOnly>false</hideElementsInCurrentOnly>
<backgroundColor>-16777216</backgroundColor>
<lineWidth>1</lineWidth>
<points>
<point x="410" y="708"/>
<point x="343" y="747"/>
</points>
</Connector>
<Connector class="oracle.dbtools.crest.swingui.logical.TVRelation" oid="22D3E393-7556-94A9-8F68-BA39D1EAD292" otype="Relation" vid_source="BC818902-10ED-523D-3B45-473F0CC058BE" vid_target="E8C6980C-7E1C-C700-B28A-BCD646C44590">
<hideElementsInCurrentOnly>false</hideElementsInCurrentOnly>
<backgroundColor>-16777216</backgroundColor>
<lineWidth>1</lineWidth>
<points>
<point x="862" y="301"/>
<point x="798" y="329"/>
</points>
</Connector>
<Connector class="oracle.dbtools.crest.swingui.logical.TVRelation" oid="2531A968-74C9-8826-8673-1C335F3FD1B8" otype="Relation" vid_source="E8C6980C-7E1C-C700-B28A-BCD646C44590" vid_target="42048D5D-6076-D2BF-D90C-98845AD6289F">
<hideElementsInCurrentOnly>false</hideElementsInCurrentOnly>
<backgroundColor>-16777216</backgroundColor>
<lineWidth>1</lineWidth>
<points>
<point x="729" y="425"/>
<point x="729" y="554"/>
</points>
</Connector>
<Connector class="oracle.dbtools.crest.swingui.logical.TVInheritanceRelation" oid="35E79872-F85C-C00B-EB07-BA7E98223ABA" otype="Hierarchy relation" vid_source="043773B2-B11C-26A7-6E2E-247E27B513AA" vid_target="51640430-6937-DA9E-7B57-88E9954487BC">
<hideElementsInCurrentOnly>false</hideElementsInCurrentOnly>
<backgroundColor>-65536</backgroundColor>
<lineWidth>1</lineWidth>
</Connector>
<Connector class="oracle.dbtools.crest.swingui.logical.TVRelation" oid="4CE1A249-572B-FB0B-7830-EEC9C3D3A0EE" otype="Relation" vid_source="51CD8853-9433-9B7C-8243-12B8381A55DF" vid_target="0DD82639-E212-B6E2-EB79-F6409520964A">
<hideElementsInCurrentOnly>false</hideElementsInCurrentOnly>
<backgroundColor>-16777216</backgroundColor>
<lineWidth>1</lineWidth>
<points>
<point x="473" y="708"/>
<point x="473" y="749"/>
</points>
</Connector>
<Connector class="oracle.dbtools.crest.swingui.logical.TVRelation" oid="69883524-A6EF-5895-59A1-607137774938" otype="Relation" vid_source="2B5FDF33-9DBA-7F70-3795-3FF874A4CDC8" vid_target="963410F6-7F49-63FE-54FE-B534454BD4D2">
<hideElementsInCurrentOnly>false</hideElementsInCurrentOnly>
<backgroundColor>-16777216</backgroundColor>
<lineWidth>1</lineWidth>
<points>
<point x="478" y="99"/>
<point x="277" y="99"/>
</points>
</Connector>
<Connector class="oracle.dbtools.crest.swingui.logical.TVRelation" oid="6B4D15A2-8841-90FF-4CD5-6513BF19E97B" otype="Relation" vid_source="2B5FDF33-9DBA-7F70-3795-3FF874A4CDC8" vid_target="D027A013-F38A-91FC-8E81-C7395E275045">
<hideElementsInCurrentOnly>false</hideElementsInCurrentOnly>
<backgroundColor>-16777216</backgroundColor>
<lineWidth>1</lineWidth>
<points>
<point x="633" y="128"/>
<point x="633" y="221"/>
</points>
</Connector>
<Connector class="oracle.dbtools.crest.swingui.logical.TVInheritanceRelation" oid="6B87938F-B3BF-82FA-EC76-889230BADEB9" otype="Hierarchy relation" vid_source="043773B2-B11C-26A7-6E2E-247E27B513AA" vid_target="9005054D-334A-AC5D-EDBF-F948FBE57B4D">
<hideElementsInCurrentOnly>false</hideElementsInCurrentOnly>
<backgroundColor>-65536</backgroundColor>
<lineWidth>1</lineWidth>
</Connector>
<Connector class="oracle.dbtools.crest.swingui.logical.TVRelation" oid="6D2D576F-F96A-AD74-9527-E826A8D9B84F" otype="Relation" vid_source="27787BB8-85FB-B9A2-ECD9-D732FFB49E63" vid_target="963410F6-7F49-63FE-54FE-B534454BD4D2">
<hideElementsInCurrentOnly>false</hideElementsInCurrentOnly>
<backgroundColor>-16777216</backgroundColor>
<lineWidth>1</lineWidth>
<points>
<point x="202" y="229"/>
<point x="202" y="141"/>
</points>
</Connector>
<Connector class="oracle.dbtools.crest.swingui.logical.TVRelation" oid="729D5F0C-A14A-4A0E-7CAE-A64AAB457D9B" otype="Relation" vid_source="E8C6980C-7E1C-C700-B28A-BCD646C44590" vid_target="043773B2-B11C-26A7-6E2E-247E27B513AA">
<hideElementsInCurrentOnly>false</hideElementsInCurrentOnly>
<backgroundColor>-16777216</backgroundColor>
<lineWidth>1</lineWidth>
<points>
<point x="791" y="425"/>
<point x="926" y="528"/>
</points>
</Connector>
<Connector class="oracle.dbtools.crest.swingui.logical.TVRelation" oid="77DE3D18-69F0-C62E-E6D9-5E318E402896" otype="Relation" vid_source="E371096C-A0E4-8005-5FCE-A8C503181686" vid_target="963410F6-7F49-63FE-54FE-B534454BD4D2">
<hideElementsInCurrentOnly>false</hideElementsInCurrentOnly>
<backgroundColor>-16777216</backgroundColor>
<lineWidth>1</lineWidth>
<points>
<point x="132" y="228"/>
<point x="132" y="141"/>
</points>
</Connector>
<Connector class="oracle.dbtools.crest.swingui.logical.TVRelation" oid="94A88F39-533A-89D4-64E1-1D31A8C2BC86" otype="Relation" vid_source="F59AFA40-078A-CBDB-5F3C-95358D7480FA" vid_target="E8C6980C-7E1C-C700-B28A-BCD646C44590">
<hideElementsInCurrentOnly>false</hideElementsInCurrentOnly>
<backgroundColor>-16777216</backgroundColor>
<lineWidth>1</lineWidth>
<points>
<point x="577" y="421"/>
<point x="621" y="421"/>
</points>
</Connector>
<Connector class="oracle.dbtools.crest.swingui.logical.TVRelation" oid="94FEBA18-CEB7-2211-B36D-A6F802FFBC02" otype="Relation" vid_source="F59AFA40-078A-CBDB-5F3C-95358D7480FA" vid_target="51CD8853-9433-9B7C-8243-12B8381A55DF">
<hideElementsInCurrentOnly>false</hideElementsInCurrentOnly>
<backgroundColor>-16777216</backgroundColor>
<lineWidth>1</lineWidth>
<points>
<point x="470" y="545"/>
<point x="470" y="596"/>
</points>
</Connector>
<Connector class="oracle.dbtools.crest.swingui.logical.TVRelation" oid="B8761461-0D1B-2792-92D9-E4CF28592E27" otype="Relation" vid_source="D027A013-F38A-91FC-8E81-C7395E275045" vid_target="E8C6980C-7E1C-C700-B28A-BCD646C44590">
<hideElementsInCurrentOnly>false</hideElementsInCurrentOnly>
<backgroundColor>-16777216</backgroundColor>
<lineWidth>1</lineWidth>
<points>
<point x="707" y="291"/>
<point x="707" y="329"/>
</points>
</Connector>
<Connector class="oracle.dbtools.crest.swingui.logical.TVRelation" oid="CFF889AB-64F8-64C8-E5CF-9BDB1A456FC6" otype="Relation" vid_source="F59AFA40-078A-CBDB-5F3C-95358D7480FA" vid_target="42048D5D-6076-D2BF-D90C-98845AD6289F">
<hideElementsInCurrentOnly>false</hideElementsInCurrentOnly>
<backgroundColor>-16777216</backgroundColor>
<lineWidth>1</lineWidth>
<points>
<point x="577" y="518"/>
<point x="658" y="554"/>
</points>
</Connector>
<Connector class="oracle.dbtools.crest.swingui.logical.TVRelation" oid="E9D8B9DA-FE6B-63CF-C512-DC6CCB1709C9" otype="Relation" vid_source="590E7DD0-E994-3E91-8036-2F1A7A7FD7B7" vid_target="E8C6980C-7E1C-C700-B28A-BCD646C44590">
<hideElementsInCurrentOnly>false</hideElementsInCurrentOnly>
<backgroundColor>-16777216</backgroundColor>
<lineWidth>1</lineWidth>
<points>
<point x="558" y="301"/>
<point x="621" y="329"/>
</points>
</Connector>
</connectors>
<arcs>
<Arc class="oracle.dbtools.crest.swingui.logical.TVArc" oid="3043999B-DE9F-660D-9E8E-E2D480A24A38" otype="Arc" vid="AAA9136A-BF54-17BE-68F0-F6B68670EC48">
<hideElementsInCurrentOnly>false</hideElementsInCurrentOnly>
<bounds x="99" y="20" width="198" height="141"/>
</Arc>
</arcs>
</Diagram>