<?xml version = '1.0' encoding = 'UTF-8'?>
<FKIndexAssociation class="oracle.dbtools.crest.model.design.relational.FKIndexAssociation" directorySegmentName="seg_0" id="0B7DF2AD-034C-9EE7-1863-A196282809F0" containerWithKeyObject="3C452759-5E4C-DABA-5A7D-E6265BFE5433" localFKIndex="CB648809-525A-C2C3-11E6-A10C035D2F2F" name="CarModel_Brand_FK">
<createdBy>pawel</createdBy>
<createdTime>2023-04-28 13:58:29 UTC</createdTime>
<generatorID>1765617B-889C-DB6B-863E-7F07A99C9763</generatorID>
<ownerDesignName>bd2_logical</ownerDesignName>
<referredTableLongName>Brand</referredTableLongName>
<deleteRule>NO ACTION</deleteRule>
<referredTableID>B7B85F0F-C74B-BCA4-A4A1-D07C9C96AB67</referredTableID>
<keyObject>0FB7C9F9-CBFF-8F1C-2483-EAB92C571B85</keyObject>
<referredKeyID>0FB7C9F9-CBFF-8F1C-2483-EAB92C571B85</referredKeyID>
<mandatory>true</mandatory>
<refColNames>id</refColNames>
<transferable>true</transferable>
<rely>false</rely>
<columnDependencyConstraintGenerateInDDL>true</columnDependencyConstraintGenerateInDDL>
</FKIndexAssociation>