<?xml version = '1.0' encoding = 'UTF-8'?>
<FKIndexAssociation class="oracle.dbtools.crest.model.design.relational.FKIndexAssociation" directorySegmentName="seg_0" id="12590421-4F23-4E49-1A73-9214D4E0E2F2" containerWithKeyObject="ED532DDB-C873-D9FD-A49F-406397998EB5" localFKIndex="409C805D-12F2-7AFD-5053-5EB2BEB02C84" name="Company_Client_FK">
<createdBy>pawel</createdBy>
<createdTime>2023-04-28 13:58:29 UTC</createdTime>
<generatorID>6B87938F-B3BF-82FA-EC76-889230BADEB9</generatorID>
<ownerDesignName>bd2_logical</ownerDesignName>
<referredTableLongName>Client</referredTableLongName>
<arc>E7177010-CAF9-5E36-4491-C9E6F9E12054</arc>
<deleteRule>NO ACTION</deleteRule>
<referredTableID>4B7924A5-27D2-9BBC-1B76-4807DC141B01</referredTableID>
<keyObject>668D8137-D652-8F3F-0932-5182DBAB9BEB</keyObject>
<referredKeyID>668D8137-D652-8F3F-0932-5182DBAB9BEB</referredKeyID>
<mandatory>true</mandatory>
<refColNames>id</refColNames>
<transferable>true</transferable>
<rely>false</rely>
<columnDependencyConstraintGenerateInDDL>true</columnDependencyConstraintGenerateInDDL>
</FKIndexAssociation>