<?xml version = '1.0' encoding = 'UTF-8'?>
<FKIndexAssociation class="oracle.dbtools.crest.model.design.relational.FKIndexAssociation" directorySegmentName="seg_0" id="1538072C-2EF0-630A-28AB-15FA84092283" containerWithKeyObject="CF8E791E-4400-5B60-23F9-720BD69B6160" localFKIndex="5381827B-14EF-1428-DC98-3BCB5D13C4D4" name="Car_RentalStation_FK">
<createdBy>pawel</createdBy>
<createdTime>2023-04-28 13:58:29 UTC</createdTime>
<generatorID>CFF889AB-64F8-64C8-E5CF-9BDB1A456FC6</generatorID>
<ownerDesignName>bd2_logical</ownerDesignName>
<referredTableLongName>RentalStation</referredTableLongName>
<deleteRule>NO ACTION</deleteRule>
<referredTableID>59CBE8B0-407A-5B24-AA00-F4E0568CA531</referredTableID>
<keyObject>E743A8EE-45EA-9768-4B55-446F6ADB7433</keyObject>
<referredKeyID>E743A8EE-45EA-9768-4B55-446F6ADB7433</referredKeyID>
<mandatory>true</mandatory>
<refColNames>id</refColNames>
<transferable>true</transferable>
<rely>false</rely>
<columnDependencyConstraintGenerateInDDL>true</columnDependencyConstraintGenerateInDDL>
</FKIndexAssociation>