<?xml version = '1.0' encoding = 'UTF-8'?>
<FKIndexAssociation class="oracle.dbtools.crest.model.design.relational.FKIndexAssociation" directorySegmentName="seg_0" id="156CB9E8-AAAE-7E9F-69F0-7670FD69E017" containerWithKeyObject="1F74DDF0-7036-BFB3-87EA-A15EA20A2DAA" localFKIndex="F3ACD8B8-1101-A376-8A30-3902B5044097" name="CarFault_Repair_FK">
<createdBy>pawel</createdBy>
<createdTime>2023-04-28 13:58:29 UTC</createdTime>
<generatorID>69883524-A6EF-5895-59A1-607137774938</generatorID>
<ownerDesignName>bd2_logical</ownerDesignName>
<referredTableLongName>Repair</referredTableLongName>
<deleteRule>CASCADE</deleteRule>
<referredTableID>1E002953-CADE-B054-5714-1AA60087CA10</referredTableID>
<keyObject>156A58F9-1F3A-4073-01EB-DF20E026E55A</keyObject>
<referredKeyID>156A58F9-1F3A-4073-01EB-DF20E026E55A</referredKeyID>
<mandatory>true</mandatory>
<refColNames>id</refColNames>
<transferable>true</transferable>
<rely>false</rely>
<columnDependencyConstraintGenerateInDDL>true</columnDependencyConstraintGenerateInDDL>
</FKIndexAssociation>