<?xml version = '1.0' encoding = 'UTF-8'?>
<FKIndexAssociation class="oracle.dbtools.crest.model.design.relational.FKIndexAssociation" directorySegmentName="seg_0" id="2976692C-B7C8-A696-984D-B023A3D8939E" containerWithKeyObject="50BECAAE-D8D5-6367-A4DC-C2CBB6FE9BFD" localFKIndex="AB7903E4-032E-B936-6CD1-C8047F37B561" name="Rental_RentalStation_FK">
<createdBy>pawel</createdBy>
<createdTime>2023-04-28 13:58:29 UTC</createdTime>
<generatorID>2531A968-74C9-8826-8673-1C335F3FD1B8</generatorID>
<ownerDesignName>bd2_logical</ownerDesignName>
<referredTableLongName>RentalStation</referredTableLongName>
<deleteRule>NO ACTION</deleteRule>
<referredTableID>59CBE8B0-407A-5B24-AA00-F4E0568CA531</referredTableID>
<keyObject>E743A8EE-45EA-9768-4B55-446F6ADB7433</keyObject>
<referredKeyID>E743A8EE-45EA-9768-4B55-446F6ADB7433</referredKeyID>
<mandatory>true</mandatory>
<refColNames>id</refColNames>
<transferable>true</transferable>
<rely>false</rely>
<columnDependencyConstraintGenerateInDDL>true</columnDependencyConstraintGenerateInDDL>
</FKIndexAssociation>