<?xml version = '1.0' encoding = 'UTF-8'?>
<FKIndexAssociation class="oracle.dbtools.crest.model.design.relational.FKIndexAssociation" directorySegmentName="seg_0" id="4B66CD6C-9443-3895-8FA9-8BE508A8B886" containerWithKeyObject="1E002953-CADE-B054-5714-1AA60087CA10" localFKIndex="308370AC-40F0-B799-B341-C0B7C3AAC640" name="Repair_RepairWorkshop_FK">
<createdBy>pawel</createdBy>
<createdTime>2023-04-28 13:58:29 UTC</createdTime>
<generatorID>6D2D576F-F96A-AD74-9527-E826A8D9B84F</generatorID>
<ownerDesignName>bd2_logical</ownerDesignName>
<referredTableLongName>RepairWorkshop</referredTableLongName>
<arc>50C5B177-E415-5F0B-55C8-4917CE547BDD</arc>
<deleteRule>NO ACTION</deleteRule>
<referredTableID>E70C3C69-1044-0F93-1A91-9B89096A6DAE</referredTableID>
<keyObject>7E7A0DCB-653C-1ADF-DB93-4150F002E3F3</keyObject>
<referredKeyID>7E7A0DCB-653C-1ADF-DB93-4150F002E3F3</referredKeyID>
<mandatory>false</mandatory>
<refColNames>id</refColNames>
<transferable>true</transferable>
<rely>false</rely>
<columnDependencyConstraintGenerateInDDL>true</columnDependencyConstraintGenerateInDDL>
</FKIndexAssociation>