<?xml version = '1.0' encoding = 'UTF-8'?>
<FKIndexAssociation class="oracle.dbtools.crest.model.design.relational.FKIndexAssociation" directorySegmentName="seg_0" id="54D62B34-4261-D575-0B66-471BD43442DF" containerWithKeyObject="3C452759-5E4C-DABA-5A7D-E6265BFE5433" localFKIndex="854963E8-6180-17DE-383B-B59AD47EF831" name="CarModel_CarType_FK">
<createdBy>pawel</createdBy>
<createdTime>2023-04-28 13:58:29 UTC</createdTime>
<generatorID>4CE1A249-572B-FB0B-7830-EEC9C3D3A0EE</generatorID>
<ownerDesignName>bd2_logical</ownerDesignName>
<referredTableLongName>CarType</referredTableLongName>
<deleteRule>NO ACTION</deleteRule>
<referredTableID>7FEF8772-94FC-E37A-FC92-382427190B01</referredTableID>
<keyObject>061F7320-0EAF-4943-C9CE-3F71DEB0D8F6</keyObject>
<referredKeyID>061F7320-0EAF-4943-C9CE-3F71DEB0D8F6</referredKeyID>
<mandatory>true</mandatory>
<refColNames>id</refColNames>
<transferable>true</transferable>
<rely>false</rely>
<columnDependencyConstraintGenerateInDDL>true</columnDependencyConstraintGenerateInDDL>
</FKIndexAssociation>