<?xml version = '1.0' encoding = 'UTF-8'?>
<FKIndexAssociation class="oracle.dbtools.crest.model.design.relational.FKIndexAssociation" directorySegmentName="seg_0" id="5D51B10C-FF9A-F09E-A6C5-59CDE7727BD4" containerWithKeyObject="6CFD083F-713E-90F8-976C-7A2931E4F24B" localFKIndex="BA47F499-2B5C-639C-6905-4B11C2B83F4C" name="Report_Rental_FK">
<createdBy>pawel</createdBy>
<createdTime>2023-04-28 13:58:29 UTC</createdTime>
<generatorID>B8761461-0D1B-2792-92D9-E4CF28592E27</generatorID>
<ownerDesignName>bd2_logical</ownerDesignName>
<referredTableLongName>Rental</referredTableLongName>
<deleteRule>NO ACTION</deleteRule>
<referredTableID>50BECAAE-D8D5-6367-A4DC-C2CBB6FE9BFD</referredTableID>
<keyObject>6ED3E7EE-A3FB-E931-F5B4-FB59037DFA77</keyObject>
<referredKeyID>6ED3E7EE-A3FB-E931-F5B4-FB59037DFA77</referredKeyID>
<mandatory>true</mandatory>
<refColNames>id</refColNames>
<transferable>true</transferable>
<rely>false</rely>
<columnDependencyConstraintGenerateInDDL>true</columnDependencyConstraintGenerateInDDL>
</FKIndexAssociation>