<?xml version = '1.0' encoding = 'UTF-8'?>
<FKIndexAssociation class="oracle.dbtools.crest.model.design.relational.FKIndexAssociation" directorySegmentName="seg_0" id="6668E343-D7FD-4C05-CFA6-32D29B8EA52E" containerWithKeyObject="50BECAAE-D8D5-6367-A4DC-C2CBB6FE9BFD" localFKIndex="AF8A13BA-87EA-1B5F-BEFB-B8F76FA70715" name="Rental_Car_FK">
<createdBy>pawel</createdBy>
<createdTime>2023-04-28 13:58:29 UTC</createdTime>
<generatorID>94A88F39-533A-89D4-64E1-1D31A8C2BC86</generatorID>
<ownerDesignName>bd2_logical</ownerDesignName>
<referredTableLongName>Car</referredTableLongName>
<deleteRule>NO ACTION</deleteRule>
<referredTableID>CF8E791E-4400-5B60-23F9-720BD69B6160</referredTableID>
<keyObject>8CB17301-98D5-C4B0-0184-17C545425970</keyObject>
<referredKeyID>8CB17301-98D5-C4B0-0184-17C545425970</referredKeyID>
<mandatory>true</mandatory>
<refColNames>id</refColNames>
<transferable>true</transferable>
<rely>false</rely>
<columnDependencyConstraintGenerateInDDL>true</columnDependencyConstraintGenerateInDDL>
</FKIndexAssociation>