<?xml version = '1.0' encoding = 'UTF-8'?>
<FKIndexAssociation class="oracle.dbtools.crest.model.design.relational.FKIndexAssociation" directorySegmentName="seg_0" id="66B6F7A4-249B-B9D0-B86B-FDB6DC774B43" containerWithKeyObject="0EAE0C2C-D731-9EC7-E888-C9178795B0E8" localFKIndex="A2DD186E-5926-8BAD-2DE5-00365C8D9852" name="Refund_Rental_FK">
<createdBy>pawel</createdBy>
<createdTime>2023-04-28 13:58:29 UTC</createdTime>
<generatorID>E9D8B9DA-FE6B-63CF-C512-DC6CCB1709C9</generatorID>
<ownerDesignName>bd2_logical</ownerDesignName>
<referredTableLongName>Rental</referredTableLongName>
<deleteRule>NO ACTION</deleteRule>
<referredTableID>50BECAAE-D8D5-6367-A4DC-C2CBB6FE9BFD</referredTableID>
<keyObject>6ED3E7EE-A3FB-E931-F5B4-FB59037DFA77</keyObject>
<referredKeyID>6ED3E7EE-A3FB-E931-F5B4-FB59037DFA77</referredKeyID>
<mandatory>true</mandatory>
<refColNames>id</refColNames>
<transferable>true</transferable>
<rely>false</rely>
<columnDependencyConstraintGenerateInDDL>true</columnDependencyConstraintGenerateInDDL>
</FKIndexAssociation>