<?xml version = '1.0' encoding = 'UTF-8'?>
<FKIndexAssociation class="oracle.dbtools.crest.model.design.relational.FKIndexAssociation" directorySegmentName="seg_0" id="69D4B5EA-AEF2-5721-1525-02767B6E341F" containerWithKeyObject="50BECAAE-D8D5-6367-A4DC-C2CBB6FE9BFD" localFKIndex="275DB584-1874-533C-3909-61E3E7B88CBD" name="Rental_Client_FK">
<createdBy>pawel</createdBy>
<createdTime>2023-04-28 13:58:29 UTC</createdTime>
<generatorID>729D5F0C-A14A-4A0E-7CAE-A64AAB457D9B</generatorID>
<ownerDesignName>bd2_logical</ownerDesignName>
<referredTableLongName>Client</referredTableLongName>
<deleteRule>NO ACTION</deleteRule>
<referredTableID>4B7924A5-27D2-9BBC-1B76-4807DC141B01</referredTableID>
<keyObject>668D8137-D652-8F3F-0932-5182DBAB9BEB</keyObject>
<referredKeyID>668D8137-D652-8F3F-0932-5182DBAB9BEB</referredKeyID>
<mandatory>true</mandatory>
<refColNames>id</refColNames>
<transferable>true</transferable>
<rely>false</rely>
<columnDependencyConstraintGenerateInDDL>true</columnDependencyConstraintGenerateInDDL>
</FKIndexAssociation>