<?xml version = '1.0' encoding = 'UTF-8'?>
<FKIndexAssociation class="oracle.dbtools.crest.model.design.relational.FKIndexAssociation" directorySegmentName="seg_0" id="848AA7ED-DF2F-F523-FEF7-B4FBBCA020C4" containerWithKeyObject="483C5D35-936F-352B-C3FE-A07D455D22D0" localFKIndex="CCD36D5D-39CD-29F9-96CE-A67F6641756A" name="Person_Client_FK">
<createdBy>pawel</createdBy>
<createdTime>2023-04-28 13:58:29 UTC</createdTime>
<generatorID>35E79872-F85C-C00B-EB07-BA7E98223ABA</generatorID>
<ownerDesignName>bd2_logical</ownerDesignName>
<referredTableLongName>Client</referredTableLongName>
<arc>E7177010-CAF9-5E36-4491-C9E6F9E12054</arc>
<deleteRule>NO ACTION</deleteRule>
<referredTableID>4B7924A5-27D2-9BBC-1B76-4807DC141B01</referredTableID>
<keyObject>668D8137-D652-8F3F-0932-5182DBAB9BEB</keyObject>
<referredKeyID>668D8137-D652-8F3F-0932-5182DBAB9BEB</referredKeyID>
<mandatory>true</mandatory>
<refColNames>id</refColNames>
<transferable>true</transferable>
<rely>false</rely>
<columnDependencyConstraintGenerateInDDL>true</columnDependencyConstraintGenerateInDDL>
</FKIndexAssociation>