<?xml version = '1.0' encoding = 'UTF-8'?>
<FKIndexAssociation class="oracle.dbtools.crest.model.design.relational.FKIndexAssociation" directorySegmentName="seg_0" id="8DE1DAEC-714D-9FF1-6FB3-F3DD7DA2103D" containerWithKeyObject="3C452759-5E4C-DABA-5A7D-E6265BFE5433" localFKIndex="E05EC07D-049A-CB1E-0929-139F04DC1232" name="CarModel_PriceList_FK">
<createdBy>pawel</createdBy>
<createdTime>2023-04-28 13:58:29 UTC</createdTime>
<generatorID>08761B2E-2CA3-4224-8DED-9D46D2030F0E</generatorID>
<ownerDesignName>bd2_logical</ownerDesignName>
<referredTableLongName>PriceList</referredTableLongName>
<deleteRule>NO ACTION</deleteRule>
<referredTableID>E55EA610-6786-D06C-D0EA-6EAFD47FA1A7</referredTableID>
<keyObject>E8ABC238-60DC-892F-A595-E4CAB6DAF50F</keyObject>
<referredKeyID>E8ABC238-60DC-892F-A595-E4CAB6DAF50F</referredKeyID>
<mandatory>true</mandatory>
<refColNames>id</refColNames>
<transferable>true</transferable>
<rely>false</rely>
<columnDependencyConstraintGenerateInDDL>true</columnDependencyConstraintGenerateInDDL>
</FKIndexAssociation>