<?xml version = '1.0' encoding = 'UTF-8'?>
<FKIndexAssociation class="oracle.dbtools.crest.model.design.relational.FKIndexAssociation" directorySegmentName="seg_0" id="9875BE66-8979-87C7-33CC-4A541BFC7712" containerWithKeyObject="CF8E791E-4400-5B60-23F9-720BD69B6160" localFKIndex="38B3C89B-10C0-2E8F-1883-DBDCFBD79C85" name="Car_CarModel_FK">
<createdBy>pawel</createdBy>
<createdTime>2023-04-28 13:58:29 UTC</createdTime>
<generatorID>94FEBA18-CEB7-2211-B36D-A6F802FFBC02</generatorID>
<ownerDesignName>bd2_logical</ownerDesignName>
<referredTableLongName>CarModel</referredTableLongName>
<deleteRule>NO ACTION</deleteRule>
<referredTableID>3C452759-5E4C-DABA-5A7D-E6265BFE5433</referredTableID>
<keyObject>75AF1651-9147-FE58-B225-1E0997492594</keyObject>
<referredKeyID>75AF1651-9147-FE58-B225-1E0997492594</referredKeyID>
<mandatory>true</mandatory>
<refColNames>id</refColNames>
<transferable>true</transferable>
<rely>false</rely>
<columnDependencyConstraintGenerateInDDL>true</columnDependencyConstraintGenerateInDDL>
</FKIndexAssociation>