<?xml version = '1.0' encoding = 'UTF-8'?>
<FKIndexAssociation class="oracle.dbtools.crest.model.design.relational.FKIndexAssociation" directorySegmentName="seg_0" id="AA883922-A821-9D9B-527A-6521594C69F8" containerWithKeyObject="1F74DDF0-7036-BFB3-87EA-A15EA20A2DAA" localFKIndex="095CD970-F9A0-E33B-7117-4BA872E3D7FB" name="CarFault_Report_FK">
<createdBy>pawel</createdBy>
<createdTime>2023-04-28 13:58:29 UTC</createdTime>
<generatorID>6B4D15A2-8841-90FF-4CD5-6513BF19E97B</generatorID>
<ownerDesignName>bd2_logical</ownerDesignName>
<referredTableLongName>Report</referredTableLongName>
<deleteRule>NO ACTION</deleteRule>
<referredTableID>6CFD083F-713E-90F8-976C-7A2931E4F24B</referredTableID>
<keyObject>6FA170BE-C804-5674-28AF-F990FF0459DA</keyObject>
<referredKeyID>6FA170BE-C804-5674-28AF-F990FF0459DA</referredKeyID>
<mandatory>false</mandatory>
<refColNames>id</refColNames>
<transferable>true</transferable>
<rely>false</rely>
<columnDependencyConstraintGenerateInDDL>true</columnDependencyConstraintGenerateInDDL>
</FKIndexAssociation>