<?xml version = '1.0' encoding = 'UTF-8'?>
<FKIndexAssociation class="oracle.dbtools.crest.model.design.relational.FKIndexAssociation" directorySegmentName="seg_0" id="B317301F-5A28-C530-0F65-EA7035D959CE" containerWithKeyObject="FCD6467D-FB2A-C64B-2BB3-7715B005A1E2" localFKIndex="FF2E3EEC-8842-725A-209E-CE6DD4DA998A" name="TrafficViolation_Rental_FK">
<createdBy>pawel</createdBy>
<createdTime>2023-04-28 13:58:29 UTC</createdTime>
<generatorID>22D3E393-7556-94A9-8F68-BA39D1EAD292</generatorID>
<ownerDesignName>bd2_logical</ownerDesignName>
<referredTableLongName>Rental</referredTableLongName>
<deleteRule>NO ACTION</deleteRule>
<referredTableID>50BECAAE-D8D5-6367-A4DC-C2CBB6FE9BFD</referredTableID>
<keyObject>6ED3E7EE-A3FB-E931-F5B4-FB59037DFA77</keyObject>
<referredKeyID>6ED3E7EE-A3FB-E931-F5B4-FB59037DFA77</referredKeyID>
<mandatory>true</mandatory>
<refColNames>id</refColNames>
<transferable>true</transferable>
<rely>false</rely>
<columnDependencyConstraintGenerateInDDL>true</columnDependencyConstraintGenerateInDDL>
</FKIndexAssociation>