<?xml version = '1.0' encoding = 'UTF-8'?>
<FKIndexAssociation class="oracle.dbtools.crest.model.design.relational.FKIndexAssociation" directorySegmentName="seg_0" id="E4642D27-7451-F732-0589-61B0C9168804" containerWithKeyObject="1E002953-CADE-B054-5714-1AA60087CA10" localFKIndex="264027E7-D91E-0301-C6AC-F266E5DE64BB" name="Repair_InsuranceCompany_FK">
<createdBy>pawel</createdBy>
<createdTime>2023-04-28 13:58:29 UTC</createdTime>
<generatorID>77DE3D18-69F0-C62E-E6D9-5E318E402896</generatorID>
<ownerDesignName>bd2_logical</ownerDesignName>
<referredTableLongName>InsuranceCompany</referredTableLongName>
<arc>50C5B177-E415-5F0B-55C8-4917CE547BDD</arc>
<deleteRule>NO ACTION</deleteRule>
<referredTableID>1CFF1171-BDF2-6CD1-1C40-F8FABA6F6147</referredTableID>
<keyObject>6767154B-226A-B2F2-F5AA-8CD1A6FD2D6A</keyObject>
<referredKeyID>6767154B-226A-B2F2-F5AA-8CD1A6FD2D6A</referredKeyID>
<mandatory>false</mandatory>
<refColNames>id</refColNames>
<transferable>true</transferable>
<rely>false</rely>
<columnDependencyConstraintGenerateInDDL>true</columnDependencyConstraintGenerateInDDL>
</FKIndexAssociation>