<?xml version = '1.0' encoding = 'UTF-8'?>
<Relation class="oracle.dbtools.crest.model.design.logical.Relation" name="car_pricelist" directorySegmentName="seg_0" id="08761B2E-2CA3-4224-8DED-9D46D2030F0E">
<createdBy>pawel</createdBy>
<createdTime>2023-04-28 12:05:25 UTC</createdTime>
<ownerDesignName>bd2_logical</ownerDesignName>
<engineerTo>
<item key="18DFC21A-30D3-DFF0-0575-8D4F12E10300" value="true"/>
</engineerTo>
<sourcePk>9D907B13-0894-5139-BE1A-157AFEEFB771</sourcePk>
<targetPk>5F8746C9-B9BD-7346-2CC8-6644AA4E1160</targetPk>
<identifying>false</identifying>
<optionalSource>false</optionalSource>
<optionalTarget>true</optionalTarget>
<sourceCardinality>*</sourceCardinality>
<sourceEntity>E854A551-B95C-180B-C526-D098A65D69A5</sourceEntity>
<targetCardinalityString>1</targetCardinalityString>
<targetEntity>B5459E53-EFD1-44DE-81E6-A70B420C60E2</targetEntity>
<transferable>true</transferable>
<deleteRule>SET NULL</deleteRule>
</Relation>