<?xml version = '1.0' encoding = 'UTF-8'?>
<Relation class="oracle.dbtools.crest.model.design.logical.Relation" name="car_brand" directorySegmentName="seg_0" id="1765617B-889C-DB6B-863E-7F07A99C9763">
<createdBy>pawel</createdBy>
<createdTime>2023-04-28 11:52:50 UTC</createdTime>
<ownerDesignName>bd2_logical</ownerDesignName>
<engineerTo>
<item key="18DFC21A-30D3-DFF0-0575-8D4F12E10300" value="true"/>
</engineerTo>
<sourcePk>9D907B13-0894-5139-BE1A-157AFEEFB771</sourcePk>
<targetPk>F934431D-DC41-FF39-6F48-B9B2CE07E62F</targetPk>
<identifying>false</identifying>
<nameOnTarget>brand_id</nameOnTarget>
<optionalSource>false</optionalSource>
<optionalTarget>true</optionalTarget>
<sourceCardinality>*</sourceCardinality>
<sourceEntity>E854A551-B95C-180B-C526-D098A65D69A5</sourceEntity>
<targetCardinalityString>1</targetCardinalityString>
<targetEntity>3D55AFFA-9328-525A-7F49-E8870DC584D3</targetEntity>
<transferable>true</transferable>
<deleteRule>SET NULL</deleteRule>
</Relation>