<?xml version = '1.0' encoding = 'UTF-8'?>
<Relation class="oracle.dbtools.crest.model.design.logical.Relation" name="rental_traficviolation" directorySegmentName="seg_0" id="22D3E393-7556-94A9-8F68-BA39D1EAD292">
<createdBy>pawel</createdBy>
<createdTime>2023-04-28 13:12:17 UTC</createdTime>
<ownerDesignName>bd2_logical</ownerDesignName>
<engineerTo>
<item key="18DFC21A-30D3-DFF0-0575-8D4F12E10300" value="true"/>
</engineerTo>
<targetPk>1C01D889-53F0-67F3-85A8-7A949069E344</targetPk>
<identifying>false</identifying>
<optionalSource>false</optionalSource>
<optionalTarget>true</optionalTarget>
<sourceCardinality>*</sourceCardinality>
<sourceEntity>B5AC5C49-FF96-BA5E-02E4-343CA8A9D998</sourceEntity>
<targetCardinalityString>1</targetCardinalityString>
<targetEntity>27211C3B-19DA-860E-5C84-DADD06A7667C</targetEntity>
<transferable>true</transferable>
<deleteRule>SET NULL</deleteRule>
</Relation>