<?xml version = '1.0' encoding = 'UTF-8'?>
<Relation class="oracle.dbtools.crest.model.design.logical.Relation" name="rental_rentalstation" directorySegmentName="seg_0" id="2531A968-74C9-8826-8673-1C335F3FD1B8">
<createdBy>pawel</createdBy>
<createdTime>2023-04-28 12:50:17 UTC</createdTime>
<ownerDesignName>bd2_logical</ownerDesignName>
<engineerTo>
<item key="18DFC21A-30D3-DFF0-0575-8D4F12E10300" value="true"/>
</engineerTo>
<targetPk>F161A7E8-C1AB-5418-79FF-A0E39F895BDB</targetPk>
<identifying>false</identifying>
<optionalSource>false</optionalSource>
<optionalTarget>true</optionalTarget>
<sourceCardinality>*</sourceCardinality>
<sourceEntity>27211C3B-19DA-860E-5C84-DADD06A7667C</sourceEntity>
<targetCardinalityString>1</targetCardinalityString>
<targetEntity>38266D81-4C12-B0F0-0B96-B9FBB5CF54F2</targetEntity>
<transferable>true</transferable>
<deleteRule>SET NULL</deleteRule>
</Relation>