<?xml version = '1.0' encoding = 'UTF-8'?>
<Relation class="oracle.dbtools.crest.model.design.logical.Relation" name="car_cartype" directorySegmentName="seg_0" id="4CE1A249-572B-FB0B-7830-EEC9C3D3A0EE">
<createdBy>pawel</createdBy>
<createdTime>2023-04-28 11:55:48 UTC</createdTime>
<ownerDesignName>bd2_logical</ownerDesignName>
<engineerTo>
<item key="18DFC21A-30D3-DFF0-0575-8D4F12E10300" value="true"/>
</engineerTo>
<sourcePk>9D907B13-0894-5139-BE1A-157AFEEFB771</sourcePk>
<targetPk>6D4C8DC6-269B-6DDD-59DF-DF9D6D65CCE1</targetPk>
<identifying>false</identifying>
<optionalSource>false</optionalSource>
<optionalTarget>true</optionalTarget>
<sourceCardinality>*</sourceCardinality>
<sourceEntity>E854A551-B95C-180B-C526-D098A65D69A5</sourceEntity>
<targetCardinalityString>1</targetCardinalityString>
<targetEntity>E4D7628F-ACE1-497F-DE1F-17C688BC6EF1</targetEntity>
<transferable>true</transferable>
<deleteRule>SET NULL</deleteRule>
</Relation>