<?xml version = '1.0' encoding = 'UTF-8'?>
<Relation class="oracle.dbtools.crest.model.design.logical.Relation" name="repair_carfault" directorySegmentName="seg_0" id="69883524-A6EF-5895-59A1-607137774938">
<createdBy>pawel</createdBy>
<createdTime>2023-04-28 13:46:20 UTC</createdTime>
<ownerDesignName>bd2_logical</ownerDesignName>
<engineerTo>
<item key="18DFC21A-30D3-DFF0-0575-8D4F12E10300" value="true"/>
</engineerTo>
<sourcePk>4C33ED5D-EAB0-17DD-3A26-CA0AE903D070</sourcePk>
<targetPk>B8B32D2B-E6E1-B7F8-5EBB-9413ABEB7C45</targetPk>
<identifying>false</identifying>
<optionalSource>false</optionalSource>
<optionalTarget>false</optionalTarget>
<sourceCardinality>*</sourceCardinality>
<sourceEntity>AF454C9D-58DC-0193-EEDB-5B73D9574F27</sourceEntity>
<targetCardinalityString>1</targetCardinalityString>
<targetEntity>68BCA144-A616-887C-5072-45600169E4CF</targetEntity>
<transferable>true</transferable>
<deleteRule>CASCADE</deleteRule>
</Relation>