<?xml version = '1.0' encoding = 'UTF-8'?>
<Relation class="oracle.dbtools.crest.model.design.logical.Relation" name="carfault_report" directorySegmentName="seg_0" id="6B4D15A2-8841-90FF-4CD5-6513BF19E97B">
<createdBy>pawel</createdBy>
<createdTime>2023-04-28 13:17:52 UTC</createdTime>
<ownerDesignName>bd2_logical</ownerDesignName>
<engineerTo>
<item key="18DFC21A-30D3-DFF0-0575-8D4F12E10300" value="true"/>
</engineerTo>
<sourcePk>4C33ED5D-EAB0-17DD-3A26-CA0AE903D070</sourcePk>
<targetPk>3BC65601-8016-8F72-3A69-6CCF41A8E10A</targetPk>
<identifying>false</identifying>
<optionalSource>true</optionalSource>
<optionalTarget>true</optionalTarget>
<sourceCardinality>*</sourceCardinality>
<sourceEntity>AF454C9D-58DC-0193-EEDB-5B73D9574F27</sourceEntity>
<targetCardinalityString>1</targetCardinalityString>
<targetEntity>16BE5F17-254C-F0EE-53C0-41953D03EA98</targetEntity>
<transferable>true</transferable>
<deleteRule>NO ACTION</deleteRule>
</Relation>