<?xml version = '1.0' encoding = 'UTF-8'?>
<Relation class="oracle.dbtools.crest.model.design.logical.Relation" name="repair_repairworkshop" directorySegmentName="seg_0" id="6D2D576F-F96A-AD74-9527-E826A8D9B84F">
<createdBy>pawel</createdBy>
<createdTime>2023-04-28 13:44:39 UTC</createdTime>
<ownerDesignName>bd2_logical</ownerDesignName>
<engineerTo>
<item key="18DFC21A-30D3-DFF0-0575-8D4F12E10300" value="true"/>
</engineerTo>
<sourcePk>238591DA-D557-10F4-16D9-8842B9A3E49F</sourcePk>
<arc>3043999B-DE9F-660D-9E8E-E2D480A24A38</arc>
<identifying>false</identifying>
<optionalSource>true</optionalSource>
<optionalTarget>false</optionalTarget>
<sourceCardinality>1</sourceCardinality>
<sourceEntity>16DD8FED-A5FC-303B-8EB3-CD7DBCC516FA</sourceEntity>
<targetCardinalityString>*</targetCardinalityString>
<targetEntity>68BCA144-A616-887C-5072-45600169E4CF</targetEntity>
<transferable>true</transferable>
<deleteRule>SET NULL</deleteRule>
</Relation>