<?xml version = '1.0' encoding = 'UTF-8'?>
<Relation class="oracle.dbtools.crest.model.design.logical.Relation" name="rental_client" directorySegmentName="seg_0" id="729D5F0C-A14A-4A0E-7CAE-A64AAB457D9B">
<createdBy>pawel</createdBy>
<createdTime>2023-04-28 13:01:21 UTC</createdTime>
<ownerDesignName>bd2_logical</ownerDesignName>
<engineerTo>
<item key="18DFC21A-30D3-DFF0-0575-8D4F12E10300" value="true"/>
</engineerTo>
<targetPk>02AE2841-89C5-ECE4-7100-5D5D6D665078</targetPk>
<identifying>false</identifying>
<optionalSource>false</optionalSource>
<optionalTarget>true</optionalTarget>
<sourceCardinality>*</sourceCardinality>
<sourceEntity>27211C3B-19DA-860E-5C84-DADD06A7667C</sourceEntity>
<targetCardinalityString>1</targetCardinalityString>
<targetEntity>B9BA651D-961F-05CC-21FA-BBD72644B2EA</targetEntity>
<transferable>true</transferable>
<deleteRule>SET NULL</deleteRule>
</Relation>