<?xml version = '1.0' encoding = 'UTF-8'?>
<Relation class="oracle.dbtools.crest.model.design.logical.Relation" name="repair_insurancecompany" directorySegmentName="seg_0" id="77DE3D18-69F0-C62E-E6D9-5E318E402896">
<createdBy>pawel</createdBy>
<createdTime>2023-04-28 13:44:22 UTC</createdTime>
<ownerDesignName>bd2_logical</ownerDesignName>
<engineerTo>
<item key="18DFC21A-30D3-DFF0-0575-8D4F12E10300" value="true"/>
</engineerTo>
<sourcePk>3AD6D732-F9E1-2F4E-5C71-EE32D60B9077</sourcePk>
<arc>3043999B-DE9F-660D-9E8E-E2D480A24A38</arc>
<identifying>false</identifying>
<optionalSource>true</optionalSource>
<optionalTarget>false</optionalTarget>
<sourceCardinality>1</sourceCardinality>
<sourceEntity>BE345608-31A5-2B95-B725-F18EA2C313FC</sourceEntity>
<targetCardinalityString>*</targetCardinalityString>
<targetEntity>68BCA144-A616-887C-5072-45600169E4CF</targetEntity>
<transferable>true</transferable>
<deleteRule>SET NULL</deleteRule>
</Relation>