<?xml version = '1.0' encoding = 'UTF-8'?>
<Relation class="oracle.dbtools.crest.model.design.logical.Relation" name="car_rental" directorySegmentName="seg_0" id="94A88F39-533A-89D4-64E1-1D31A8C2BC86">
<createdBy>pawel</createdBy>
<createdTime>2023-04-28 12:52:28 UTC</createdTime>
<ownerDesignName>bd2_logical</ownerDesignName>
<engineerTo>
<item key="18DFC21A-30D3-DFF0-0575-8D4F12E10300" value="true"/>
</engineerTo>
<sourcePk>73478E32-0B19-5726-5748-B10B1FE82603</sourcePk>
<targetPk>1C01D889-53F0-67F3-85A8-7A949069E344</targetPk>
<identifying>false</identifying>
<optionalSource>true</optionalSource>
<optionalTarget>false</optionalTarget>
<sourceCardinality>1</sourceCardinality>
<sourceEntity>B189EC73-10B2-CD75-8E9F-959E1095E084</sourceEntity>
<targetCardinalityString>*</targetCardinalityString>
<targetEntity>27211C3B-19DA-860E-5C84-DADD06A7667C</targetEntity>
<transferable>true</transferable>
<deleteRule>SET NULL</deleteRule>
</Relation>