<?xml version = '1.0' encoding = 'UTF-8'?>
<Relation class="oracle.dbtools.crest.model.design.logical.Relation" name="car_carmodel" directorySegmentName="seg_0" id="94FEBA18-CEB7-2211-B36D-A6F802FFBC02">
<createdBy>pawel</createdBy>
<createdTime>2023-04-28 12:28:23 UTC</createdTime>
<ownerDesignName>bd2_logical</ownerDesignName>
<engineerTo>
<item key="18DFC21A-30D3-DFF0-0575-8D4F12E10300" value="true"/>
</engineerTo>
<targetPk>9D907B13-0894-5139-BE1A-157AFEEFB771</targetPk>
<identifying>false</identifying>
<optionalSource>false</optionalSource>
<optionalTarget>true</optionalTarget>
<sourceCardinality>*</sourceCardinality>
<sourceEntity>B189EC73-10B2-CD75-8E9F-959E1095E084</sourceEntity>
<targetCardinalityString>1</targetCardinalityString>
<targetEntity>E854A551-B95C-180B-C526-D098A65D69A5</targetEntity>
<transferable>true</transferable>
<deleteRule>SET NULL</deleteRule>
</Relation>