<?xml version = '1.0' encoding = 'UTF-8'?>
<Relation class="oracle.dbtools.crest.model.design.logical.Relation" name="report_rental" directorySegmentName="seg_0" id="B8761461-0D1B-2792-92D9-E4CF28592E27">
<createdBy>pawel</createdBy>
<createdTime>2023-04-28 13:10:50 UTC</createdTime>
<ownerDesignName>bd2_logical</ownerDesignName>
<engineerTo>
<item key="18DFC21A-30D3-DFF0-0575-8D4F12E10300" value="true"/>
</engineerTo>
<targetPk>1C01D889-53F0-67F3-85A8-7A949069E344</targetPk>
<dominantRole>27211C3B-19DA-860E-5C84-DADD06A7667C</dominantRole>
<identifying>false</identifying>
<optionalSource>false</optionalSource>
<optionalTarget>true</optionalTarget>
<sourceCardinality>1</sourceCardinality>
<sourceEntity>16BE5F17-254C-F0EE-53C0-41953D03EA98</sourceEntity>
<targetCardinalityString>1</targetCardinalityString>
<targetEntity>27211C3B-19DA-860E-5C84-DADD06A7667C</targetEntity>
<transferable>true</transferable>
<deleteRule>SET NULL</deleteRule>
</Relation>