<?xml version = '1.0' encoding = 'UTF-8'?>
<Relation class="oracle.dbtools.crest.model.design.logical.Relation" name="car_rental_station" directorySegmentName="seg_0" id="CFF889AB-64F8-64C8-E5CF-9BDB1A456FC6">
<createdBy>pawel</createdBy>
<createdTime>2023-04-28 12:26:48 UTC</createdTime>
<ownerDesignName>bd2_logical</ownerDesignName>
<engineerTo>
<item key="18DFC21A-30D3-DFF0-0575-8D4F12E10300" value="true"/>
</engineerTo>
<sourcePk>73478E32-0B19-5726-5748-B10B1FE82603</sourcePk>
<targetPk>F161A7E8-C1AB-5418-79FF-A0E39F895BDB</targetPk>
<identifying>false</identifying>
<optionalSource>false</optionalSource>
<optionalTarget>true</optionalTarget>
<sourceCardinality>*</sourceCardinality>
<sourceEntity>B189EC73-10B2-CD75-8E9F-959E1095E084</sourceEntity>
<targetCardinalityString>1</targetCardinalityString>
<targetEntity>38266D81-4C12-B0F0-0B96-B9FBB5CF54F2</targetEntity>
<transferable>true</transferable>
<deleteRule>SET NULL</deleteRule>
</Relation>