<?xml version = '1.0' encoding = 'UTF-8'?>
<Relation class="oracle.dbtools.crest.model.design.logical.Relation" name="rental_refund" directorySegmentName="seg_0" id="E9D8B9DA-FE6B-63CF-C512-DC6CCB1709C9">
<createdBy>pawel</createdBy>
<createdTime>2023-04-28 13:08:53 UTC</createdTime>
<ownerDesignName>bd2_logical</ownerDesignName>
<engineerTo>
<item key="18DFC21A-30D3-DFF0-0575-8D4F12E10300" value="true"/>
</engineerTo>
<targetPk>1C01D889-53F0-67F3-85A8-7A949069E344</targetPk>
<dominantRole>27211C3B-19DA-860E-5C84-DADD06A7667C</dominantRole>
<identifying>false</identifying>
<optionalSource>false</optionalSource>
<optionalTarget>true</optionalTarget>
<sourceCardinality>1</sourceCardinality>
<sourceEntity>90D3C9A9-A78A-544D-FAFB-0BFBA5C60A43</sourceEntity>
<targetCardinalityString>1</targetCardinalityString>
<targetEntity>27211C3B-19DA-860E-5C84-DADD06A7667C</targetEntity>
<transferable>true</transferable>
<deleteRule>SET NULL</deleteRule>
</Relation>