<?xml version = '1.0' encoding = 'UTF-8'?>
<Table class="oracle.dbtools.crest.model.design.relational.Table" directorySegmentName="seg_0" id="0EAE0C2C-D731-9EC7-E888-C9178795B0E8" name="Refund">
<createdBy>pawel</createdBy>
<createdTime>2023-04-28 13:58:29 UTC</createdTime>
<generatorID>90D3C9A9-A78A-544D-FAFB-0BFBA5C60A43</generatorID>
<ownerDesignName>bd2_logical</ownerDesignName>
<allowColumnReorder>false</allowColumnReorder>
<existDependencyGenerateInDDl>true</existDependencyGenerateInDDl>
<parsed>true</parsed>
<columns itemClass="oracle.dbtools.crest.model.design.relational.Column">
<Column name="id" id="974F79B0-9302-F799-2129-53CEF8434A10">
<createdBy>pawel</createdBy>
<createdTime>2023-04-28 13:58:29 UTC</createdTime>
<generatorID>8FF3C17B-6F18-7F6E-64D8-9270B7D1514B</generatorID>
<ownerDesignName>bd2_logical</ownerDesignName>
<useDomainConstraints>false</useDomainConstraints>
<use>1</use>
<logicalDatatype>LOGDT011</logicalDatatype>
<ownDataTypeParameters>,,</ownDataTypeParameters>
<autoIncrementCycle>false</autoIncrementCycle>
</Column>
<Column name="Rental_id" id="4AC54CE4-7327-B1C0-E823-A4E91C59F3A3">
<createdBy>pawel</createdBy>
<createdTime>2023-04-28 13:58:29 UTC</createdTime>
<generatorID>9F948E97-CD0B-B762-67B0-C625D8DAAC0C</generatorID>
<ownerDesignName>bd2_logical</ownerDesignName>
<useDomainConstraints>false</useDomainConstraints>
<use>1</use>
<logicalDatatype>LOGDT011</logicalDatatype>
<ownDataTypeParameters>,,</ownDataTypeParameters>
<previousColumn>false</previousColumn>
<autoIncrementCycle>false</autoIncrementCycle>
<associations>
<colAssociation fkAssociation="66B6F7A4-249B-B9D0-B86B-FDB6DC774B43" referredColumn="CFC8C505-58E0-F94F-13EA-7C58C547A940"/>
</associations>
</Column>
<Column name="amount" id="E48FEBD3-3DC7-54A9-B574-97ABB9E018F6">
<createdBy>pawel</createdBy>
<createdTime>2023-04-28 13:58:29 UTC</createdTime>
<generatorID>5B649BB7-21B6-F469-8CDE-60B6814BBBD0</generatorID>
<ownerDesignName>bd2_logical</ownerDesignName>
<useDomainConstraints>false</useDomainConstraints>
<use>1</use>
<logicalDatatype>LOGDT043</logicalDatatype>
<ownDataTypeParameters>,,</ownDataTypeParameters>
<autoIncrementCycle>false</autoIncrementCycle>
</Column>
<Column name="apology_message" id="9D77CA13-FC9B-31FE-37E2-3DDB554664AE">
<createdBy>pawel</createdBy>
<createdTime>2023-04-28 13:58:29 UTC</createdTime>
<generatorID>65B7B598-5937-03C0-EF74-9B830940379C</generatorID>
<ownerDesignName>bd2_logical</ownerDesignName>
<nullsAllowed>true</nullsAllowed>
<useDomainConstraints>false</useDomainConstraints>
<use>1</use>
<logicalDatatype>LOGDT024</logicalDatatype>
<dataTypeSize>512 CHAR</dataTypeSize>
<ownDataTypeParameters>512 CHAR,,</ownDataTypeParameters>
<autoIncrementCycle>false</autoIncrementCycle>
</Column>
<Column name="description" id="623D026F-8211-70F6-176F-5810BFC9FF31">
<createdBy>pawel</createdBy>
<createdTime>2023-04-28 13:58:29 UTC</createdTime>
<generatorID>8FA4E309-9FD8-EF35-C151-9525B9267775</generatorID>
<ownerDesignName>bd2_logical</ownerDesignName>
<nullsAllowed>true</nullsAllowed>
<useDomainConstraints>false</useDomainConstraints>
<use>1</use>
<logicalDatatype>LOGDT024</logicalDatatype>
<dataTypeSize>512 CHAR</dataTypeSize>
<ownDataTypeParameters>512 CHAR,,</ownDataTypeParameters>
<autoIncrementCycle>false</autoIncrementCycle>
</Column>
</columns>
<indexes itemClass="oracle.dbtools.crest.model.design.relational.Index">
<ind_PK_UK id="2DE8EC34-10F5-787C-0B84-0124816C8E56" name="Refund_PK">
<createdBy>pawel</createdBy>
<createdTime>2023-04-28 13:58:29 UTC</createdTime>
<generatorID>93827E80-91DC-BC8E-515E-10C3708DA0CC</generatorID>
<ownerDesignName>bd2_logical</ownerDesignName>
<pk>true</pk>
<indexState>Primary Constraint</indexState>
<isSurrogateKey>false</isSurrogateKey>
<indexColumnUsage>
<colUsage columnID="974F79B0-9302-F799-2129-53CEF8434A10"/>
</indexColumnUsage>
</ind_PK_UK>
<ind_PK_UK id="6BACA61F-480D-A870-83A7-0EBC7D24C2FD" name="Refund__IDX">
<createdBy>pawel</createdBy>
<createdTime>2023-04-28 13:58:29 UTC</createdTime>
<ownerDesignName>bd2_logical</ownerDesignName>
<indexState>Unique Plain Index</indexState>
<isSurrogateKey>false</isSurrogateKey>
<relationGeneratorID>E9D8B9DA-FE6B-63CF-C512-DC6CCB1709C9</relationGeneratorID>
<indexColumnUsage>
<colUsage columnID="4AC54CE4-7327-B1C0-E823-A4E91C59F3A3"/>
</indexColumnUsage>
</ind_PK_UK>
<ind_PK_UK id="A2DD186E-5926-8BAD-2DE5-00365C8D9852" name="Refund_Rental_FK">
<createdBy>pawel</createdBy>
<createdTime>2023-04-28 13:58:29 UTC</createdTime>
<generatorID>E9D8B9DA-FE6B-63CF-C512-DC6CCB1709C9</generatorID>
<ownerDesignName>bd2_logical</ownerDesignName>
<indexState>Foreign Key</indexState>
<isSurrogateKey>false</isSurrogateKey>
<indexColumnUsage>
<colUsage columnID="4AC54CE4-7327-B1C0-E823-A4E91C59F3A3"/>
</indexColumnUsage>
</ind_PK_UK>
</indexes>
</Table>