<?xml version = '1.0' encoding = 'UTF-8'?>
<Table class="oracle.dbtools.crest.model.design.relational.Table" directorySegmentName="seg_0" id="1CFF1171-BDF2-6CD1-1C40-F8FABA6F6147" name="InsuranceCompany">
<createdBy>pawel</createdBy>
<createdTime>2023-04-28 13:58:29 UTC</createdTime>
<generatorID>BE345608-31A5-2B95-B725-F18EA2C313FC</generatorID>
<ownerDesignName>bd2_logical</ownerDesignName>
<allowColumnReorder>false</allowColumnReorder>
<existDependencyGenerateInDDl>true</existDependencyGenerateInDDl>
<parsed>true</parsed>
<columns itemClass="oracle.dbtools.crest.model.design.relational.Column">
<Column name="id" id="49D5A169-F8A3-F5C2-555A-9039C896AAB7">
<createdBy>pawel</createdBy>
<createdTime>2023-04-28 13:58:29 UTC</createdTime>
<generatorID>6F0C03F4-451C-2180-7B49-A4519DE192B4</generatorID>
<ownerDesignName>bd2_logical</ownerDesignName>
<useDomainConstraints>false</useDomainConstraints>
<use>1</use>
<logicalDatatype>LOGDT011</logicalDatatype>
<ownDataTypeParameters>,,</ownDataTypeParameters>
<autoIncrementCycle>false</autoIncrementCycle>
</Column>
<Column name="ac" id="5B1DD38B-071C-CD2D-D36A-271DFB40EF22">
<createdBy>pawel</createdBy>
<createdTime>2023-04-28 13:58:29 UTC</createdTime>
<generatorID>44161764-0D75-7024-778F-E11018D0878C</generatorID>
<ownerDesignName>bd2_logical</ownerDesignName>
<nullsAllowed>true</nullsAllowed>
<useDomainConstraints>false</useDomainConstraints>
<use>1</use>
<logicalDatatype>LOGDT006</logicalDatatype>
<ownDataTypeParameters>,,</ownDataTypeParameters>
<autoIncrementCycle>false</autoIncrementCycle>
</Column>
<Column name="name" id="00649979-ED04-91C6-B349-CEE8FC39F921">
<createdBy>pawel</createdBy>
<createdTime>2023-04-28 13:58:29 UTC</createdTime>
<generatorID>5295E245-5BF2-F342-F0C9-1E0A383884BE</generatorID>
<ownerDesignName>bd2_logical</ownerDesignName>
<useDomainConstraints>false</useDomainConstraints>
<use>1</use>
<logicalDatatype>LOGDT024</logicalDatatype>
<dataTypeSize>255 CHAR</dataTypeSize>
<ownDataTypeParameters>255 CHAR,,</ownDataTypeParameters>
<autoIncrementCycle>false</autoIncrementCycle>
</Column>
<Column name="phone_number" id="785DA387-EF98-434B-32B1-B243F31A7524">
<createdBy>pawel</createdBy>
<createdTime>2023-04-28 13:58:29 UTC</createdTime>
<generatorID>52138804-94C0-EF40-028C-225A6A3F380A</generatorID>
<ownerDesignName>bd2_logical</ownerDesignName>
<useDomainConstraints>false</useDomainConstraints>
<use>1</use>
<logicalDatatype>LOGDT024</logicalDatatype>
<dataTypeSize>255 CHAR</dataTypeSize>
<ownDataTypeParameters>255 CHAR,,</ownDataTypeParameters>
<autoIncrementCycle>false</autoIncrementCycle>
</Column>
</columns>
<indexes itemClass="oracle.dbtools.crest.model.design.relational.Index">
<ind_PK_UK id="6767154B-226A-B2F2-F5AA-8CD1A6FD2D6A" name="InsuranceCompany_PK">
<createdBy>pawel</createdBy>
<createdTime>2023-04-28 13:58:29 UTC</createdTime>
<generatorID>3AD6D732-F9E1-2F4E-5C71-EE32D60B9077</generatorID>
<ownerDesignName>bd2_logical</ownerDesignName>
<pk>true</pk>
<indexState>Primary Constraint</indexState>
<isSurrogateKey>false</isSurrogateKey>
<indexColumnUsage>
<colUsage columnID="49D5A169-F8A3-F5C2-555A-9039C896AAB7"/>
</indexColumnUsage>
</ind_PK_UK>
</indexes>
</Table>