<?xml version = '1.0' encoding = 'UTF-8'?>
<Table class="oracle.dbtools.crest.model.design.relational.Table" directorySegmentName="seg_0" id="1E002953-CADE-B054-5714-1AA60087CA10" name="Repair">
<createdBy>pawel</createdBy>
<createdTime>2023-04-28 13:58:29 UTC</createdTime>
<generatorID>68BCA144-A616-887C-5072-45600169E4CF</generatorID>
<ownerDesignName>bd2_logical</ownerDesignName>
<allowColumnReorder>false</allowColumnReorder>
<existDependencyGenerateInDDl>true</existDependencyGenerateInDDl>
<parsed>true</parsed>
<columns itemClass="oracle.dbtools.crest.model.design.relational.Column">
<Column name="id" id="B8A6D533-6B14-3792-3C76-93EAE5C6456C">
<createdBy>pawel</createdBy>
<createdTime>2023-04-28 13:58:29 UTC</createdTime>
<generatorID>E3355007-FFBD-0D68-6FF7-69CE9AD9F8EA</generatorID>
<ownerDesignName>bd2_logical</ownerDesignName>
<useDomainConstraints>false</useDomainConstraints>
<use>1</use>
<logicalDatatype>LOGDT011</logicalDatatype>
<ownDataTypeParameters>,,</ownDataTypeParameters>
<autoIncrementCycle>false</autoIncrementCycle>
</Column>
<Column name="RepairWorkshop_id" id="0497E468-DBAB-BF45-ABDC-EC6C5383EEB3">
<createdBy>pawel</createdBy>
<createdTime>2023-04-28 13:58:29 UTC</createdTime>
<generatorID>174E68CE-0B01-8B51-CE5C-E53D8552B66D</generatorID>
<ownerDesignName>bd2_logical</ownerDesignName>
<nullsAllowed>true</nullsAllowed>
<useDomainConstraints>false</useDomainConstraints>
<use>1</use>
<logicalDatatype>LOGDT011</logicalDatatype>
<ownDataTypeParameters>,,</ownDataTypeParameters>
<previousColumn>false</previousColumn>
<autoIncrementCycle>false</autoIncrementCycle>
<associations>
<colAssociation fkAssociation="4B66CD6C-9443-3895-8FA9-8BE508A8B886" referredColumn="CD3FAF75-CC08-D7E8-DD5F-2FF3FA9C27DB"/>
</associations>
</Column>
<Column name="InsuranceCompany_id" id="A58BC11B-58C4-02C2-67FF-BA0229D141B6">
<createdBy>pawel</createdBy>
<createdTime>2023-04-28 13:58:29 UTC</createdTime>
<generatorID>E7C55F60-EFAA-2C04-A4FD-F946A258C3EC</generatorID>
<ownerDesignName>bd2_logical</ownerDesignName>
<nullsAllowed>true</nullsAllowed>
<useDomainConstraints>false</useDomainConstraints>
<use>1</use>
<logicalDatatype>LOGDT011</logicalDatatype>
<ownDataTypeParameters>,,</ownDataTypeParameters>
<previousColumn>false</previousColumn>
<autoIncrementCycle>false</autoIncrementCycle>
<associations>
<colAssociation fkAssociation="E4642D27-7451-F732-0589-61B0C9168804" referredColumn="49D5A169-F8A3-F5C2-555A-9039C896AAB7"/>
</associations>
</Column>
<Column name="cost" id="5A709CEF-853C-7298-6A78-45A275E52090">
<createdBy>pawel</createdBy>
<createdTime>2023-04-28 13:58:29 UTC</createdTime>
<generatorID>EA828295-EF48-C4A2-0385-1E5EA2B0A85A</generatorID>
<ownerDesignName>bd2_logical</ownerDesignName>
<useDomainConstraints>false</useDomainConstraints>
<use>1</use>
<logicalDatatype>LOGDT043</logicalDatatype>
<ownDataTypeParameters>,,</ownDataTypeParameters>
<autoIncrementCycle>false</autoIncrementCycle>
</Column>
<Column name="start_date" id="ABEDD5D4-B405-84EC-1095-B77B0B73F41E">
<createdBy>pawel</createdBy>
<createdTime>2023-04-28 13:58:29 UTC</createdTime>
<generatorID>09523959-7766-4F8D-D2C1-DF00ED98EC4F</generatorID>
<ownerDesignName>bd2_logical</ownerDesignName>
<useDomainConstraints>false</useDomainConstraints>
<use>1</use>
<logicalDatatype>LOGDT008</logicalDatatype>
<ownDataTypeParameters>,,</ownDataTypeParameters>
<autoIncrementCycle>false</autoIncrementCycle>
</Column>
<Column name="end_date" id="1FC26C6A-1472-97F2-5028-8776E00C70DD">
<createdBy>pawel</createdBy>
<createdTime>2023-04-28 13:58:29 UTC</createdTime>
<generatorID>D7589E81-A3F5-80A9-4C82-787FA7F2B859</generatorID>
<ownerDesignName>bd2_logical</ownerDesignName>
<useDomainConstraints>false</useDomainConstraints>
<use>1</use>
<logicalDatatype>LOGDT008</logicalDatatype>
<ownDataTypeParameters>,,</ownDataTypeParameters>
<autoIncrementCycle>false</autoIncrementCycle>
</Column>
</columns>
<indexes itemClass="oracle.dbtools.crest.model.design.relational.Index">
<ind_PK_UK id="156A58F9-1F3A-4073-01EB-DF20E026E55A" name="Repair_PK">
<createdBy>pawel</createdBy>
<createdTime>2023-04-28 13:58:29 UTC</createdTime>
<generatorID>B8B32D2B-E6E1-B7F8-5EBB-9413ABEB7C45</generatorID>
<ownerDesignName>bd2_logical</ownerDesignName>
<pk>true</pk>
<indexState>Primary Constraint</indexState>
<isSurrogateKey>false</isSurrogateKey>
<indexColumnUsage>
<colUsage columnID="B8A6D533-6B14-3792-3C76-93EAE5C6456C"/>
</indexColumnUsage>
</ind_PK_UK>
<ind_PK_UK id="264027E7-D91E-0301-C6AC-F266E5DE64BB" name="Repair_InsuranceCompany_FK">
<createdBy>pawel</createdBy>
<createdTime>2023-04-28 13:58:29 UTC</createdTime>
<generatorID>77DE3D18-69F0-C62E-E6D9-5E318E402896</generatorID>
<ownerDesignName>bd2_logical</ownerDesignName>
<indexState>Foreign Key</indexState>
<isSurrogateKey>false</isSurrogateKey>
<indexColumnUsage>
<colUsage columnID="A58BC11B-58C4-02C2-67FF-BA0229D141B6"/>
</indexColumnUsage>
</ind_PK_UK>
<ind_PK_UK id="308370AC-40F0-B799-B341-C0B7C3AAC640" name="Repair_RepairWorkshop_FK">
<createdBy>pawel</createdBy>
<createdTime>2023-04-28 13:58:29 UTC</createdTime>
<generatorID>6D2D576F-F96A-AD74-9527-E826A8D9B84F</generatorID>
<ownerDesignName>bd2_logical</ownerDesignName>
<indexState>Foreign Key</indexState>
<isSurrogateKey>false</isSurrogateKey>
<indexColumnUsage>
<colUsage columnID="0497E468-DBAB-BF45-ABDC-EC6C5383EEB3"/>
</indexColumnUsage>
</ind_PK_UK>
</indexes>
</Table>