<?xml version = '1.0' encoding = 'UTF-8'?>
<Table class="oracle.dbtools.crest.model.design.relational.Table" directorySegmentName="seg_0" id="1F74DDF0-7036-BFB3-87EA-A15EA20A2DAA" name="CarFault">
<createdBy>pawel</createdBy>
<createdTime>2023-04-28 13:58:29 UTC</createdTime>
<generatorID>AF454C9D-58DC-0193-EEDB-5B73D9574F27</generatorID>
<ownerDesignName>bd2_logical</ownerDesignName>
<allowColumnReorder>false</allowColumnReorder>
<existDependencyGenerateInDDl>true</existDependencyGenerateInDDl>
<parsed>true</parsed>
<columns itemClass="oracle.dbtools.crest.model.design.relational.Column">
<Column name="id" id="9815D8FF-DD7E-1E36-3B3A-3780A107426A">
<createdBy>pawel</createdBy>
<createdTime>2023-04-28 13:58:29 UTC</createdTime>
<generatorID>D4782779-F1FC-B462-CC84-853DCDA2D673</generatorID>
<ownerDesignName>bd2_logical</ownerDesignName>
<useDomainConstraints>false</useDomainConstraints>
<use>1</use>
<logicalDatatype>LOGDT011</logicalDatatype>
<ownDataTypeParameters>,,</ownDataTypeParameters>
<autoIncrementCycle>false</autoIncrementCycle>
</Column>
<Column name="Report_id" id="DF030D58-E812-262D-1F63-931FF968FB11">
<createdBy>pawel</createdBy>
<createdTime>2023-04-28 13:58:29 UTC</createdTime>
<generatorID>56AE21C8-DECD-6DD6-07AF-5A86021E7270</generatorID>
<ownerDesignName>bd2_logical</ownerDesignName>
<nullsAllowed>true</nullsAllowed>
<useDomainConstraints>false</useDomainConstraints>
<use>1</use>
<logicalDatatype>LOGDT011</logicalDatatype>
<ownDataTypeParameters>,,</ownDataTypeParameters>
<previousColumn>false</previousColumn>
<autoIncrementCycle>false</autoIncrementCycle>
<associations>
<colAssociation fkAssociation="AA883922-A821-9D9B-527A-6521594C69F8" referredColumn="0E63E030-8CAF-5E72-CA18-090F9DF1D53B"/>
</associations>
</Column>
<Column name="Repair_id" id="A6697517-E8F3-14EE-3D11-9C106D007084">
<createdBy>pawel</createdBy>
<createdTime>2023-04-28 13:58:29 UTC</createdTime>
<generatorID>BAFEC983-3A12-F6BE-FDC2-AD690C10F93F</generatorID>
<ownerDesignName>bd2_logical</ownerDesignName>
<useDomainConstraints>false</useDomainConstraints>
<use>1</use>
<logicalDatatype>LOGDT011</logicalDatatype>
<ownDataTypeParameters>,,</ownDataTypeParameters>
<previousColumn>false</previousColumn>
<autoIncrementCycle>false</autoIncrementCycle>
<associations>
<colAssociation fkAssociation="156CB9E8-AAAE-7E9F-69F0-7670FD69E017" referredColumn="B8A6D533-6B14-3792-3C76-93EAE5C6456C"/>
</associations>
</Column>
<Column name="description" id="D746F9F0-3ADE-DE92-9662-77FA70D23B8A">
<createdBy>pawel</createdBy>
<createdTime>2023-04-28 13:58:29 UTC</createdTime>
<generatorID>D31E468A-2267-431F-B40F-6E4DD1A2C800</generatorID>
<ownerDesignName>bd2_logical</ownerDesignName>
<nullsAllowed>true</nullsAllowed>
<useDomainConstraints>false</useDomainConstraints>
<use>1</use>
<logicalDatatype>LOGDT024</logicalDatatype>
<dataTypeSize>1024 CHAR</dataTypeSize>
<ownDataTypeParameters>1024 CHAR,,</ownDataTypeParameters>
<autoIncrementCycle>false</autoIncrementCycle>
</Column>
<Column name="status" id="669DA451-9FA8-6B24-82E2-B48151D36CCF">
<createdBy>pawel</createdBy>
<createdTime>2023-04-28 13:58:29 UTC</createdTime>
<generatorID>9AB8EB48-7862-34EC-BF46-09241540D21E</generatorID>
<ownerDesignName>bd2_logical</ownerDesignName>
<useDomainConstraints>false</useDomainConstraints>
<use>1</use>
<logicalDatatype>LOGDT024</logicalDatatype>
<dataTypeSize>255 CHAR</dataTypeSize>
<ownDataTypeParameters>255 CHAR,,</ownDataTypeParameters>
<autoIncrementCycle>false</autoIncrementCycle>
</Column>
</columns>
<indexes itemClass="oracle.dbtools.crest.model.design.relational.Index">
<ind_PK_UK id="F4841B14-285F-7278-AC8A-29F2CFACCA9E" name="CarFault_PK">
<createdBy>pawel</createdBy>
<createdTime>2023-04-28 13:58:29 UTC</createdTime>
<generatorID>4C33ED5D-EAB0-17DD-3A26-CA0AE903D070</generatorID>
<ownerDesignName>bd2_logical</ownerDesignName>
<pk>true</pk>
<indexState>Primary Constraint</indexState>
<isSurrogateKey>false</isSurrogateKey>
<indexColumnUsage>
<colUsage columnID="9815D8FF-DD7E-1E36-3B3A-3780A107426A"/>
</indexColumnUsage>
</ind_PK_UK>
<ind_PK_UK id="095CD970-F9A0-E33B-7117-4BA872E3D7FB" name="CarFault_Report_FK">
<createdBy>pawel</createdBy>
<createdTime>2023-04-28 13:58:29 UTC</createdTime>
<generatorID>6B4D15A2-8841-90FF-4CD5-6513BF19E97B</generatorID>
<ownerDesignName>bd2_logical</ownerDesignName>
<indexState>Foreign Key</indexState>
<isSurrogateKey>false</isSurrogateKey>
<indexColumnUsage>
<colUsage columnID="DF030D58-E812-262D-1F63-931FF968FB11"/>
</indexColumnUsage>
</ind_PK_UK>
<ind_PK_UK id="F3ACD8B8-1101-A376-8A30-3902B5044097" name="CarFault_Repair_FK">
<createdBy>pawel</createdBy>
<createdTime>2023-04-28 13:58:29 UTC</createdTime>
<generatorID>69883524-A6EF-5895-59A1-607137774938</generatorID>
<ownerDesignName>bd2_logical</ownerDesignName>
<indexState>Foreign Key</indexState>
<isSurrogateKey>false</isSurrogateKey>
<indexColumnUsage>
<colUsage columnID="A6697517-E8F3-14EE-3D11-9C106D007084"/>
</indexColumnUsage>
</ind_PK_UK>
</indexes>
</Table>