<?xml version = '1.0' encoding = 'UTF-8'?>
<Table class="oracle.dbtools.crest.model.design.relational.Table" directorySegmentName="seg_0" id="3C452759-5E4C-DABA-5A7D-E6265BFE5433" name="CarModel">
<createdBy>pawel</createdBy>
<createdTime>2023-04-28 13:58:29 UTC</createdTime>
<generatorID>E854A551-B95C-180B-C526-D098A65D69A5</generatorID>
<ownerDesignName>bd2_logical</ownerDesignName>
<allowColumnReorder>false</allowColumnReorder>
<existDependencyGenerateInDDl>true</existDependencyGenerateInDDl>
<parsed>true</parsed>
<columns itemClass="oracle.dbtools.crest.model.design.relational.Column">
<Column name="id" id="628F6E59-5C62-9888-437D-3AFA36227AC6">
<createdBy>pawel</createdBy>
<createdTime>2023-04-28 13:58:29 UTC</createdTime>
<generatorID>1795B629-2991-7A79-4982-658F387DA2BF</generatorID>
<ownerDesignName>bd2_logical</ownerDesignName>
<useDomainConstraints>false</useDomainConstraints>
<use>1</use>
<logicalDatatype>LOGDT011</logicalDatatype>
<ownDataTypeParameters>,,</ownDataTypeParameters>
<autoIncrementCycle>false</autoIncrementCycle>
</Column>
<Column name="Brand_id" id="517D3BBE-7250-BF70-20E2-C9E053247869">
<createdBy>pawel</createdBy>
<createdTime>2023-04-28 13:58:29 UTC</createdTime>
<generatorID>BBC2A74E-167A-B877-623E-80F2FF945983</generatorID>
<ownerDesignName>bd2_logical</ownerDesignName>
<useDomainConstraints>false</useDomainConstraints>
<use>1</use>
<logicalDatatype>LOGDT011</logicalDatatype>
<ownDataTypeParameters>,,</ownDataTypeParameters>
<previousColumn>false</previousColumn>
<autoIncrementCycle>false</autoIncrementCycle>
<associations>
<colAssociation fkAssociation="0B7DF2AD-034C-9EE7-1863-A196282809F0" referredColumn="7B90EFFD-E3A9-6089-3DBD-4FDEE823FF9F"/>
</associations>
</Column>
<Column name="CarType_id" id="397F41AB-8770-C6CB-5AD1-1E9715CE02BA">
<createdBy>pawel</createdBy>
<createdTime>2023-04-28 13:58:29 UTC</createdTime>
<generatorID>F19CF540-A024-C023-7110-E2973F1AE921</generatorID>
<ownerDesignName>bd2_logical</ownerDesignName>
<useDomainConstraints>false</useDomainConstraints>
<use>1</use>
<logicalDatatype>LOGDT011</logicalDatatype>
<ownDataTypeParameters>,,</ownDataTypeParameters>
<previousColumn>false</previousColumn>
<autoIncrementCycle>false</autoIncrementCycle>
<associations>
<colAssociation fkAssociation="54D62B34-4261-D575-0B66-471BD43442DF" referredColumn="31BC25DB-C71B-05FD-3D09-597D942AF846"/>
</associations>
</Column>
<Column name="PriceList_id" id="E57EA8EE-5BBC-D640-EEC9-B0675DE82405">
<createdBy>pawel</createdBy>
<createdTime>2023-04-28 13:58:29 UTC</createdTime>
<generatorID>64C2AF6A-8FF0-699F-8686-1147191E6965</generatorID>
<ownerDesignName>bd2_logical</ownerDesignName>
<useDomainConstraints>false</useDomainConstraints>
<use>1</use>
<logicalDatatype>LOGDT011</logicalDatatype>
<ownDataTypeParameters>,,</ownDataTypeParameters>
<previousColumn>false</previousColumn>
<autoIncrementCycle>false</autoIncrementCycle>
<associations>
<colAssociation fkAssociation="8DE1DAEC-714D-9FF1-6FB3-F3DD7DA2103D" referredColumn="AAC10A2B-198F-5ECD-E76E-7A18BC3C1028"/>
</associations>
</Column>
<Column name="doors_number" id="BBCF116C-8C89-2333-6E1A-B36330566599">
<createdBy>pawel</createdBy>
<createdTime>2023-04-28 13:58:29 UTC</createdTime>
<generatorID>C4A51712-D3ED-B616-B686-5B85AAF4CC27</generatorID>
<ownerDesignName>bd2_logical</ownerDesignName>
<useDomainConstraints>false</useDomainConstraints>
<use>1</use>
<logicalDatatype>LOGDT011</logicalDatatype>
<ownDataTypeParameters>,,</ownDataTypeParameters>
<autoIncrementCycle>false</autoIncrementCycle>
</Column>
<Column name="name" id="0F8080E6-D348-19F6-DD0E-66198FE2F3B7">
<createdBy>pawel</createdBy>
<createdTime>2023-04-28 13:58:29 UTC</createdTime>
<generatorID>44AB9F1A-13EA-5EE1-34B6-047255A487B5</generatorID>
<ownerDesignName>bd2_logical</ownerDesignName>
<useDomainConstraints>false</useDomainConstraints>
<use>1</use>
<logicalDatatype>LOGDT024</logicalDatatype>
<dataTypeSize>255 CHAR</dataTypeSize>
<ownDataTypeParameters>255 CHAR,,</ownDataTypeParameters>
<autoIncrementCycle>false</autoIncrementCycle>
</Column>
<Column name="seats_number" id="8400D0AC-894E-D33E-93F3-69E41A31C00D">
<createdBy>pawel</createdBy>
<createdTime>2023-04-28 13:58:29 UTC</createdTime>
<generatorID>4D83F097-18C3-5DF8-9820-C401E97EA215</generatorID>
<ownerDesignName>bd2_logical</ownerDesignName>
<useDomainConstraints>false</useDomainConstraints>
<use>1</use>
<logicalDatatype>LOGDT011</logicalDatatype>
<ownDataTypeParameters>,,</ownDataTypeParameters>
<autoIncrementCycle>false</autoIncrementCycle>
</Column>
<Column name="trunk_capacity" id="E2274F2B-C188-B770-F4DF-84179F858DBC">
<createdBy>pawel</createdBy>
<createdTime>2023-04-28 13:58:29 UTC</createdTime>
<generatorID>E1310069-B0D1-78FA-8A63-8CF296694999</generatorID>
<ownerDesignName>bd2_logical</ownerDesignName>
<useDomainConstraints>false</useDomainConstraints>
<use>1</use>
<logicalDatatype>LOGDT011</logicalDatatype>
<ownDataTypeParameters>,,</ownDataTypeParameters>
<autoIncrementCycle>false</autoIncrementCycle>
</Column>
<Column name="produced_date" id="23582974-C703-2187-64DF-33B4C15201C9">
<createdBy>pawel</createdBy>
<createdTime>2023-04-28 13:58:29 UTC</createdTime>
<generatorID>94F1CE86-9A9B-15B7-FE2E-91BF18053C7F</generatorID>
<ownerDesignName>bd2_logical</ownerDesignName>
<useDomainConstraints>false</useDomainConstraints>
<use>1</use>
<logicalDatatype>LOGDT008</logicalDatatype>
<ownDataTypeParameters>,,</ownDataTypeParameters>
<autoIncrementCycle>false</autoIncrementCycle>
</Column>
</columns>
<indexes itemClass="oracle.dbtools.crest.model.design.relational.Index">
<ind_PK_UK id="75AF1651-9147-FE58-B225-1E0997492594" name="CarModel_PK">
<createdBy>pawel</createdBy>
<createdTime>2023-04-28 13:58:29 UTC</createdTime>
<generatorID>9D907B13-0894-5139-BE1A-157AFEEFB771</generatorID>
<ownerDesignName>bd2_logical</ownerDesignName>
<pk>true</pk>
<indexState>Primary Constraint</indexState>
<isSurrogateKey>false</isSurrogateKey>
<indexColumnUsage>
<colUsage columnID="628F6E59-5C62-9888-437D-3AFA36227AC6"/>
</indexColumnUsage>
</ind_PK_UK>
<ind_PK_UK id="CB648809-525A-C2C3-11E6-A10C035D2F2F" name="CarModel_Brand_FK">
<createdBy>pawel</createdBy>
<createdTime>2023-04-28 13:58:29 UTC</createdTime>
<generatorID>1765617B-889C-DB6B-863E-7F07A99C9763</generatorID>
<ownerDesignName>bd2_logical</ownerDesignName>
<indexState>Foreign Key</indexState>
<isSurrogateKey>false</isSurrogateKey>
<indexColumnUsage>
<colUsage columnID="517D3BBE-7250-BF70-20E2-C9E053247869"/>
</indexColumnUsage>
</ind_PK_UK>
<ind_PK_UK id="854963E8-6180-17DE-383B-B59AD47EF831" name="CarModel_CarType_FK">
<createdBy>pawel</createdBy>
<createdTime>2023-04-28 13:58:29 UTC</createdTime>
<generatorID>4CE1A249-572B-FB0B-7830-EEC9C3D3A0EE</generatorID>
<ownerDesignName>bd2_logical</ownerDesignName>
<indexState>Foreign Key</indexState>
<isSurrogateKey>false</isSurrogateKey>
<indexColumnUsage>
<colUsage columnID="397F41AB-8770-C6CB-5AD1-1E9715CE02BA"/>
</indexColumnUsage>
</ind_PK_UK>
<ind_PK_UK id="E05EC07D-049A-CB1E-0929-139F04DC1232" name="CarModel_PriceList_FK">
<createdBy>pawel</createdBy>
<createdTime>2023-04-28 13:58:29 UTC</createdTime>
<generatorID>08761B2E-2CA3-4224-8DED-9D46D2030F0E</generatorID>
<ownerDesignName>bd2_logical</ownerDesignName>
<indexState>Foreign Key</indexState>
<isSurrogateKey>false</isSurrogateKey>
<indexColumnUsage>
<colUsage columnID="E57EA8EE-5BBC-D640-EEC9-B0675DE82405"/>
</indexColumnUsage>
</ind_PK_UK>
</indexes>
</Table>