<?xml version = '1.0' encoding = 'UTF-8'?>
<Table class="oracle.dbtools.crest.model.design.relational.Table" directorySegmentName="seg_0" id="50BECAAE-D8D5-6367-A4DC-C2CBB6FE9BFD" name="Rental">
<createdBy>pawel</createdBy>
<createdTime>2023-04-28 13:58:29 UTC</createdTime>
<generatorID>27211C3B-19DA-860E-5C84-DADD06A7667C</generatorID>
<ownerDesignName>bd2_logical</ownerDesignName>
<allowColumnReorder>false</allowColumnReorder>
<existDependencyGenerateInDDl>true</existDependencyGenerateInDDl>
<parsed>true</parsed>
<columns itemClass="oracle.dbtools.crest.model.design.relational.Column">
<Column name="id" id="CFC8C505-58E0-F94F-13EA-7C58C547A940">
<createdBy>pawel</createdBy>
<createdTime>2023-04-28 13:58:29 UTC</createdTime>
<generatorID>E751A442-F386-6757-A3A8-5FE93A25A34A</generatorID>
<ownerDesignName>bd2_logical</ownerDesignName>
<useDomainConstraints>false</useDomainConstraints>
<use>1</use>
<logicalDatatype>LOGDT011</logicalDatatype>
<ownDataTypeParameters>,,</ownDataTypeParameters>
<autoIncrementCycle>false</autoIncrementCycle>
</Column>
<Column name="RentalStation_id" id="899B3DB1-DD6E-9F17-1434-28ECB5E5FD7D">
<createdBy>pawel</createdBy>
<createdTime>2023-04-28 13:58:29 UTC</createdTime>
<generatorID>C7121641-D40B-958A-5816-9DCF89E76D16</generatorID>
<ownerDesignName>bd2_logical</ownerDesignName>
<useDomainConstraints>false</useDomainConstraints>
<use>1</use>
<logicalDatatype>LOGDT011</logicalDatatype>
<ownDataTypeParameters>,,</ownDataTypeParameters>
<previousColumn>false</previousColumn>
<autoIncrementCycle>false</autoIncrementCycle>
<associations>
<colAssociation fkAssociation="2976692C-B7C8-A696-984D-B023A3D8939E" referredColumn="221F74CA-5049-5951-545D-B160FD6EA3A9"/>
</associations>
</Column>
<Column name="Car_id" id="FEF10506-8CE4-EDEA-AE51-561DAAB17278">
<createdBy>pawel</createdBy>
<createdTime>2023-04-28 13:58:29 UTC</createdTime>
<generatorID>C256E86C-CA58-5E2B-6486-6DE9D1B2C789</generatorID>
<ownerDesignName>bd2_logical</ownerDesignName>
<useDomainConstraints>false</useDomainConstraints>
<use>1</use>
<logicalDatatype>LOGDT011</logicalDatatype>
<ownDataTypeParameters>,,</ownDataTypeParameters>
<previousColumn>false</previousColumn>
<autoIncrementCycle>false</autoIncrementCycle>
<associations>
<colAssociation fkAssociation="6668E343-D7FD-4C05-CFA6-32D29B8EA52E" referredColumn="5B20B6B5-D74B-444E-9410-580F19F2D3CF"/>
</associations>
</Column>
<Column name="Client_id" id="06175544-07FA-683B-C8FF-81F1450C6DF8">
<createdBy>pawel</createdBy>
<createdTime>2023-04-28 13:58:29 UTC</createdTime>
<generatorID>A6526217-F760-D3BC-D362-1F07359303AC</generatorID>
<ownerDesignName>bd2_logical</ownerDesignName>
<useDomainConstraints>false</useDomainConstraints>
<use>1</use>
<logicalDatatype>LOGDT011</logicalDatatype>
<ownDataTypeParameters>,,</ownDataTypeParameters>
<previousColumn>false</previousColumn>
<autoIncrementCycle>false</autoIncrementCycle>
<associations>
<colAssociation fkAssociation="69D4B5EA-AEF2-5721-1525-02767B6E341F" referredColumn="3D62B2A8-D570-3AA4-B922-A21B64FF2C1C"/>
</associations>
</Column>
<Column name="start_date" id="5A95F9B9-D94D-D4AF-C682-BD0A3BDA9B8F">
<createdBy>pawel</createdBy>
<createdTime>2023-04-28 13:58:29 UTC</createdTime>
<generatorID>FDA4026B-6C65-7089-E6D2-74904A9EED66</generatorID>
<ownerDesignName>bd2_logical</ownerDesignName>
<useDomainConstraints>false</useDomainConstraints>
<use>1</use>
<logicalDatatype>LOGDT008</logicalDatatype>
<ownDataTypeParameters>,,</ownDataTypeParameters>
<autoIncrementCycle>false</autoIncrementCycle>
</Column>
<Column name="end_date" id="A1EECFC2-85EB-43BC-0701-05792EE79989">
<createdBy>pawel</createdBy>
<createdTime>2023-04-28 13:58:29 UTC</createdTime>
<generatorID>D95A060A-3B71-6AFD-BC62-04E874D327A6</generatorID>
<ownerDesignName>bd2_logical</ownerDesignName>
<useDomainConstraints>false</useDomainConstraints>
<use>1</use>
<logicalDatatype>LOGDT008</logicalDatatype>
<ownDataTypeParameters>,,</ownDataTypeParameters>
<autoIncrementCycle>false</autoIncrementCycle>
</Column>
<Column name="rental_status" id="A34DBE64-AD2A-8830-F449-06B59910DB56">
<createdBy>pawel</createdBy>
<createdTime>2023-04-28 13:58:29 UTC</createdTime>
<generatorID>E6EEBBDD-2118-652D-3CC4-EAD25CA5C4AC</generatorID>
<ownerDesignName>bd2_logical</ownerDesignName>
<useDomainConstraints>false</useDomainConstraints>
<use>1</use>
<logicalDatatype>LOGDT024</logicalDatatype>
<dataTypeSize>255 CHAR</dataTypeSize>
<ownDataTypeParameters>255 CHAR,,</ownDataTypeParameters>
<autoIncrementCycle>false</autoIncrementCycle>
</Column>
</columns>
<indexes itemClass="oracle.dbtools.crest.model.design.relational.Index">
<ind_PK_UK id="6ED3E7EE-A3FB-E931-F5B4-FB59037DFA77" name="Rental_PK">
<createdBy>pawel</createdBy>
<createdTime>2023-04-28 13:58:29 UTC</createdTime>
<generatorID>1C01D889-53F0-67F3-85A8-7A949069E344</generatorID>
<ownerDesignName>bd2_logical</ownerDesignName>
<pk>true</pk>
<indexState>Primary Constraint</indexState>
<isSurrogateKey>false</isSurrogateKey>
<indexColumnUsage>
<colUsage columnID="CFC8C505-58E0-F94F-13EA-7C58C547A940"/>
</indexColumnUsage>
</ind_PK_UK>
<ind_PK_UK id="AF8A13BA-87EA-1B5F-BEFB-B8F76FA70715" name="Rental_Car_FK">
<createdBy>pawel</createdBy>
<createdTime>2023-04-28 13:58:29 UTC</createdTime>
<generatorID>94A88F39-533A-89D4-64E1-1D31A8C2BC86</generatorID>
<ownerDesignName>bd2_logical</ownerDesignName>
<indexState>Foreign Key</indexState>
<isSurrogateKey>false</isSurrogateKey>
<indexColumnUsage>
<colUsage columnID="FEF10506-8CE4-EDEA-AE51-561DAAB17278"/>
</indexColumnUsage>
</ind_PK_UK>
<ind_PK_UK id="275DB584-1874-533C-3909-61E3E7B88CBD" name="Rental_Client_FK">
<createdBy>pawel</createdBy>
<createdTime>2023-04-28 13:58:29 UTC</createdTime>
<generatorID>729D5F0C-A14A-4A0E-7CAE-A64AAB457D9B</generatorID>
<ownerDesignName>bd2_logical</ownerDesignName>
<indexState>Foreign Key</indexState>
<isSurrogateKey>false</isSurrogateKey>
<indexColumnUsage>
<colUsage columnID="06175544-07FA-683B-C8FF-81F1450C6DF8"/>
</indexColumnUsage>
</ind_PK_UK>
<ind_PK_UK id="AB7903E4-032E-B936-6CD1-C8047F37B561" name="Rental_RentalStation_FK">
<createdBy>pawel</createdBy>
<createdTime>2023-04-28 13:58:29 UTC</createdTime>
<generatorID>2531A968-74C9-8826-8673-1C335F3FD1B8</generatorID>
<ownerDesignName>bd2_logical</ownerDesignName>
<indexState>Foreign Key</indexState>
<isSurrogateKey>false</isSurrogateKey>
<indexColumnUsage>
<colUsage columnID="899B3DB1-DD6E-9F17-1434-28ECB5E5FD7D"/>
</indexColumnUsage>
</ind_PK_UK>
</indexes>
</Table>