<?xml version = '1.0' encoding = 'UTF-8'?>
<Table class="oracle.dbtools.crest.model.design.relational.Table" directorySegmentName="seg_0" id="6CFD083F-713E-90F8-976C-7A2931E4F24B" name="Report">
<createdBy>pawel</createdBy>
<createdTime>2023-04-28 13:58:29 UTC</createdTime>
<generatorID>16BE5F17-254C-F0EE-53C0-41953D03EA98</generatorID>
<ownerDesignName>bd2_logical</ownerDesignName>
<allowColumnReorder>false</allowColumnReorder>
<existDependencyGenerateInDDl>true</existDependencyGenerateInDDl>
<parsed>true</parsed>
<columns itemClass="oracle.dbtools.crest.model.design.relational.Column">
<Column name="id" id="0E63E030-8CAF-5E72-CA18-090F9DF1D53B">
<createdBy>pawel</createdBy>
<createdTime>2023-04-28 13:58:29 UTC</createdTime>
<generatorID>3D5FEEDF-96F5-0822-DB51-3E252A876906</generatorID>
<ownerDesignName>bd2_logical</ownerDesignName>
<useDomainConstraints>false</useDomainConstraints>
<use>1</use>
<logicalDatatype>LOGDT011</logicalDatatype>
<ownDataTypeParameters>,,</ownDataTypeParameters>
<autoIncrementCycle>false</autoIncrementCycle>
</Column>
<Column name="Rental_id" id="31651618-7077-E615-874D-891834489243">
<createdBy>pawel</createdBy>
<createdTime>2023-04-28 13:58:29 UTC</createdTime>
<generatorID>EE387642-2DDB-1FB1-68BF-5B9858436B5A</generatorID>
<ownerDesignName>bd2_logical</ownerDesignName>
<useDomainConstraints>false</useDomainConstraints>
<use>1</use>
<logicalDatatype>LOGDT011</logicalDatatype>
<ownDataTypeParameters>,,</ownDataTypeParameters>
<previousColumn>false</previousColumn>
<autoIncrementCycle>false</autoIncrementCycle>
<associations>
<colAssociation fkAssociation="5D51B10C-FF9A-F09E-A6C5-59CDE7727BD4" referredColumn="CFC8C505-58E0-F94F-13EA-7C58C547A940"/>
</associations>
</Column>
<Column name="description" id="05F562BE-2C53-1165-70DC-0BC156797895">
<createdBy>pawel</createdBy>
<createdTime>2023-04-28 13:58:29 UTC</createdTime>
<generatorID>B6C8E418-A6A6-9C57-7FE7-4D33C33BFADD</generatorID>
<ownerDesignName>bd2_logical</ownerDesignName>
<useDomainConstraints>false</useDomainConstraints>
<use>1</use>
<logicalDatatype>LOGDT024</logicalDatatype>
<dataTypeSize>1024 CHAR</dataTypeSize>
<ownDataTypeParameters>1024 CHAR,,</ownDataTypeParameters>
<autoIncrementCycle>false</autoIncrementCycle>
</Column>
<Column name="rate" id="47B7F26A-C8B7-C236-AE69-BF7808D613E6">
<createdBy>pawel</createdBy>
<createdTime>2023-04-28 13:58:29 UTC</createdTime>
<generatorID>8CAA3563-18F8-1D95-E31A-7C1EF8C76B24</generatorID>
<ownerDesignName>bd2_logical</ownerDesignName>
<useDomainConstraints>false</useDomainConstraints>
<use>1</use>
<logicalDatatype>LOGDT011</logicalDatatype>
<ownDataTypeParameters>,,</ownDataTypeParameters>
<autoIncrementCycle>false</autoIncrementCycle>
</Column>
</columns>
<indexes itemClass="oracle.dbtools.crest.model.design.relational.Index">
<ind_PK_UK id="6FA170BE-C804-5674-28AF-F990FF0459DA" name="Report_PK">
<createdBy>pawel</createdBy>
<createdTime>2023-04-28 13:58:29 UTC</createdTime>
<generatorID>3BC65601-8016-8F72-3A69-6CCF41A8E10A</generatorID>
<ownerDesignName>bd2_logical</ownerDesignName>
<pk>true</pk>
<indexState>Primary Constraint</indexState>
<isSurrogateKey>false</isSurrogateKey>
<indexColumnUsage>
<colUsage columnID="0E63E030-8CAF-5E72-CA18-090F9DF1D53B"/>
</indexColumnUsage>
</ind_PK_UK>
<ind_PK_UK id="0EB63E3A-E2E3-566D-8D5E-47FB71979AE7" name="Report__IDX">
<createdBy>pawel</createdBy>
<createdTime>2023-04-28 13:58:29 UTC</createdTime>
<ownerDesignName>bd2_logical</ownerDesignName>
<indexState>Unique Plain Index</indexState>
<isSurrogateKey>false</isSurrogateKey>
<relationGeneratorID>B8761461-0D1B-2792-92D9-E4CF28592E27</relationGeneratorID>
<indexColumnUsage>
<colUsage columnID="31651618-7077-E615-874D-891834489243"/>
</indexColumnUsage>
</ind_PK_UK>
<ind_PK_UK id="BA47F499-2B5C-639C-6905-4B11C2B83F4C" name="Report_Rental_FK">
<createdBy>pawel</createdBy>
<createdTime>2023-04-28 13:58:29 UTC</createdTime>
<generatorID>B8761461-0D1B-2792-92D9-E4CF28592E27</generatorID>
<ownerDesignName>bd2_logical</ownerDesignName>
<indexState>Foreign Key</indexState>
<isSurrogateKey>false</isSurrogateKey>
<indexColumnUsage>
<colUsage columnID="31651618-7077-E615-874D-891834489243"/>
</indexColumnUsage>
</ind_PK_UK>
</indexes>
</Table>