<?xml version = '1.0' encoding = 'UTF-8'?>
<Table class="oracle.dbtools.crest.model.design.relational.Table" directorySegmentName="seg_0" id="B7B85F0F-C74B-BCA4-A4A1-D07C9C96AB67" name="Brand">
<createdBy>pawel</createdBy>
<createdTime>2023-04-28 13:58:29 UTC</createdTime>
<generatorID>3D55AFFA-9328-525A-7F49-E8870DC584D3</generatorID>
<ownerDesignName>bd2_logical</ownerDesignName>
<allowColumnReorder>false</allowColumnReorder>
<existDependencyGenerateInDDl>true</existDependencyGenerateInDDl>
<parsed>true</parsed>
<columns itemClass="oracle.dbtools.crest.model.design.relational.Column">
<Column name="id" id="7B90EFFD-E3A9-6089-3DBD-4FDEE823FF9F">
<createdBy>pawel</createdBy>
<createdTime>2023-04-28 13:58:29 UTC</createdTime>
<generatorID>B872B286-115F-096B-6661-922EB03D0D68</generatorID>
<ownerDesignName>bd2_logical</ownerDesignName>
<useDomainConstraints>false</useDomainConstraints>
<use>1</use>
<logicalDatatype>LOGDT011</logicalDatatype>
<ownDataTypeParameters>,,</ownDataTypeParameters>
<autoIncrementCycle>false</autoIncrementCycle>
</Column>
<Column name="name" id="7127C005-91AA-80D5-B4B7-E07D970F0E1E">
<createdBy>pawel</createdBy>
<createdTime>2023-04-28 13:58:29 UTC</createdTime>
<generatorID>FFF62DF2-91A0-58FA-E9C3-097D3D85E836</generatorID>
<ownerDesignName>bd2_logical</ownerDesignName>
<useDomainConstraints>false</useDomainConstraints>
<use>1</use>
<logicalDatatype>LOGDT024</logicalDatatype>
<dataTypeSize>255</dataTypeSize>
<ownDataTypeParameters>255,,</ownDataTypeParameters>
<autoIncrementCycle>false</autoIncrementCycle>
</Column>
<Column name="origin_country" id="AFC3E5DA-B418-2198-BF05-A189AAA066F4">
<createdBy>pawel</createdBy>
<createdTime>2023-04-28 13:58:29 UTC</createdTime>
<generatorID>67DF3CF3-FFE7-BBE2-BAB7-6ED8E7DF1A4B</generatorID>
<ownerDesignName>bd2_logical</ownerDesignName>
<useDomainConstraints>false</useDomainConstraints>
<use>1</use>
<logicalDatatype>LOGDT024</logicalDatatype>
<dataTypeSize>255 CHAR</dataTypeSize>
<ownDataTypeParameters>255 CHAR,,</ownDataTypeParameters>
<autoIncrementCycle>false</autoIncrementCycle>
</Column>
</columns>
<indexes itemClass="oracle.dbtools.crest.model.design.relational.Index">
<ind_PK_UK id="0FB7C9F9-CBFF-8F1C-2483-EAB92C571B85" name="Brand_PK">
<createdBy>pawel</createdBy>
<createdTime>2023-04-28 13:58:29 UTC</createdTime>
<generatorID>F934431D-DC41-FF39-6F48-B9B2CE07E62F</generatorID>
<ownerDesignName>bd2_logical</ownerDesignName>
<pk>true</pk>
<indexState>Primary Constraint</indexState>
<isSurrogateKey>false</isSurrogateKey>
<indexColumnUsage>
<colUsage columnID="7B90EFFD-E3A9-6089-3DBD-4FDEE823FF9F"/>
</indexColumnUsage>
</ind_PK_UK>
</indexes>
</Table>