<?xml version = '1.0' encoding = 'UTF-8'?>
<Table class="oracle.dbtools.crest.model.design.relational.Table" directorySegmentName="seg_0" id="CF8E791E-4400-5B60-23F9-720BD69B6160" name="Car">
<createdBy>pawel</createdBy>
<createdTime>2023-04-28 13:58:29 UTC</createdTime>
<generatorID>B189EC73-10B2-CD75-8E9F-959E1095E084</generatorID>
<ownerDesignName>bd2_logical</ownerDesignName>
<allowColumnReorder>false</allowColumnReorder>
<existDependencyGenerateInDDl>true</existDependencyGenerateInDDl>
<parsed>true</parsed>
<columns itemClass="oracle.dbtools.crest.model.design.relational.Column">
<Column name="id" id="5B20B6B5-D74B-444E-9410-580F19F2D3CF">
<createdBy>pawel</createdBy>
<createdTime>2023-04-28 13:58:29 UTC</createdTime>
<generatorID>40FCF670-58B3-22B7-603C-F1D62EBCD3BA</generatorID>
<ownerDesignName>bd2_logical</ownerDesignName>
<useDomainConstraints>false</useDomainConstraints>
<use>1</use>
<logicalDatatype>LOGDT011</logicalDatatype>
<ownDataTypeParameters>,,</ownDataTypeParameters>
<autoIncrementCycle>false</autoIncrementCycle>
</Column>
<Column name="CarModel_id" id="A886B2DC-0E6A-24A2-4B73-86042C5326C5">
<createdBy>pawel</createdBy>
<createdTime>2023-04-28 13:58:29 UTC</createdTime>
<generatorID>ECED2DC1-FB37-236A-12EC-B28A202D3F53</generatorID>
<ownerDesignName>bd2_logical</ownerDesignName>
<useDomainConstraints>false</useDomainConstraints>
<use>1</use>
<logicalDatatype>LOGDT011</logicalDatatype>
<ownDataTypeParameters>,,</ownDataTypeParameters>
<previousColumn>false</previousColumn>
<autoIncrementCycle>false</autoIncrementCycle>
<associations>
<colAssociation fkAssociation="9875BE66-8979-87C7-33CC-4A541BFC7712" referredColumn="628F6E59-5C62-9888-437D-3AFA36227AC6"/>
</associations>
</Column>
<Column name="RentalStation_id" id="824CAA6B-A08D-3527-C025-4A94211C625A">
<createdBy>pawel</createdBy>
<createdTime>2023-04-28 13:58:29 UTC</createdTime>
<generatorID>7D4C60CD-5986-40BD-439A-6B7F58E9F1B1</generatorID>
<ownerDesignName>bd2_logical</ownerDesignName>
<useDomainConstraints>false</useDomainConstraints>
<use>1</use>
<logicalDatatype>LOGDT011</logicalDatatype>
<ownDataTypeParameters>,,</ownDataTypeParameters>
<previousColumn>false</previousColumn>
<autoIncrementCycle>false</autoIncrementCycle>
<associations>
<colAssociation fkAssociation="1538072C-2EF0-630A-28AB-15FA84092283" referredColumn="221F74CA-5049-5951-545D-B160FD6EA3A9"/>
</associations>
</Column>
<Column name="car_status" id="A98CCAB5-D53D-0012-3FED-70BA31D55480">
<createdBy>pawel</createdBy>
<createdTime>2023-04-28 13:58:29 UTC</createdTime>
<generatorID>94026018-753F-B2DE-61FF-DAC7AD6C6F05</generatorID>
<ownerDesignName>bd2_logical</ownerDesignName>
<useDomainConstraints>false</useDomainConstraints>
<use>1</use>
<logicalDatatype>LOGDT024</logicalDatatype>
<dataTypeSize>255 CHAR</dataTypeSize>
<ownDataTypeParameters>255 CHAR,,</ownDataTypeParameters>
<autoIncrementCycle>false</autoIncrementCycle>
</Column>
<Column name="insurance_start_date" id="0E915E66-42DF-B53A-0DB3-20A3B2672A4C">
<createdBy>pawel</createdBy>
<createdTime>2023-04-28 13:58:29 UTC</createdTime>
<generatorID>59D32AAD-B8F8-C475-2E05-0265ABA13AE6</generatorID>
<ownerDesignName>bd2_logical</ownerDesignName>
<useDomainConstraints>false</useDomainConstraints>
<use>1</use>
<logicalDatatype>LOGDT007</logicalDatatype>
<ownDataTypeParameters>,,</ownDataTypeParameters>
<autoIncrementCycle>false</autoIncrementCycle>
</Column>
<Column name="insurance_end_date" id="A6D98048-EC18-0F23-1873-F385D01110E2">
<createdBy>pawel</createdBy>
<createdTime>2023-04-28 13:58:29 UTC</createdTime>
<generatorID>755A614E-760B-7200-1AD8-E5C7FA88217A</generatorID>
<ownerDesignName>bd2_logical</ownerDesignName>
<useDomainConstraints>false</useDomainConstraints>
<use>1</use>
<logicalDatatype>LOGDT007</logicalDatatype>
<ownDataTypeParameters>,,</ownDataTypeParameters>
<autoIncrementCycle>false</autoIncrementCycle>
</Column>
<Column name="plate" id="5485F01E-BDE4-26FC-6F51-A33798AA1F0A">
<createdBy>pawel</createdBy>
<createdTime>2023-04-28 13:58:29 UTC</createdTime>
<generatorID>54FCC776-02C0-693D-033C-EB4638C26F6C</generatorID>
<ownerDesignName>bd2_logical</ownerDesignName>
<useDomainConstraints>false</useDomainConstraints>
<use>1</use>
<logicalDatatype>LOGDT024</logicalDatatype>
<dataTypeSize>255 CHAR</dataTypeSize>
<ownDataTypeParameters>255 CHAR,,</ownDataTypeParameters>
<autoIncrementCycle>false</autoIncrementCycle>
</Column>
</columns>
<indexes itemClass="oracle.dbtools.crest.model.design.relational.Index">
<ind_PK_UK id="8CB17301-98D5-C4B0-0184-17C545425970" name="Car_PK">
<createdBy>pawel</createdBy>
<createdTime>2023-04-28 13:58:29 UTC</createdTime>
<generatorID>73478E32-0B19-5726-5748-B10B1FE82603</generatorID>
<ownerDesignName>bd2_logical</ownerDesignName>
<pk>true</pk>
<indexState>Primary Constraint</indexState>
<isSurrogateKey>false</isSurrogateKey>
<indexColumnUsage>
<colUsage columnID="5B20B6B5-D74B-444E-9410-580F19F2D3CF"/>
</indexColumnUsage>
</ind_PK_UK>
<ind_PK_UK id="38B3C89B-10C0-2E8F-1883-DBDCFBD79C85" name="Car_CarModel_FK">
<createdBy>pawel</createdBy>
<createdTime>2023-04-28 13:58:29 UTC</createdTime>
<generatorID>94FEBA18-CEB7-2211-B36D-A6F802FFBC02</generatorID>
<ownerDesignName>bd2_logical</ownerDesignName>
<indexState>Foreign Key</indexState>
<isSurrogateKey>false</isSurrogateKey>
<indexColumnUsage>
<colUsage columnID="A886B2DC-0E6A-24A2-4B73-86042C5326C5"/>
</indexColumnUsage>
</ind_PK_UK>
<ind_PK_UK id="5381827B-14EF-1428-DC98-3BCB5D13C4D4" name="Car_RentalStation_FK">
<createdBy>pawel</createdBy>
<createdTime>2023-04-28 13:58:29 UTC</createdTime>
<generatorID>CFF889AB-64F8-64C8-E5CF-9BDB1A456FC6</generatorID>
<ownerDesignName>bd2_logical</ownerDesignName>
<indexState>Foreign Key</indexState>
<isSurrogateKey>false</isSurrogateKey>
<indexColumnUsage>
<colUsage columnID="824CAA6B-A08D-3527-C025-4A94211C625A"/>
</indexColumnUsage>
</ind_PK_UK>
</indexes>
</Table>