<?xml version = '1.0' encoding = 'UTF-8'?>
<FKArc class="oracle.dbtools.crest.model.design.relational.FKArc" directorySegmentName="seg_0" id="50C5B177-E415-5F0B-55C8-4917CE547BDD" name="Arc_1">
<createdBy>pawel</createdBy>
<createdTime>2023-04-28 13:58:29 UTC</createdTime>
<ownerDesignName>bd2_logical</ownerDesignName>
<mandatory>true</mandatory>
<table>1E002953-CADE-B054-5714-1AA60087CA10</table>
<fkeys>
<fkeyID>4B66CD6C-9443-3895-8FA9-8BE508A8B886</fkeyID>
<fkeyID>E4642D27-7451-F732-0589-61B0C9168804</fkeyID>
</fkeys>
</FKArc>