<?xml version = '1.0' encoding = 'UTF-8'?>
<FKArc class="oracle.dbtools.crest.model.design.relational.FKArc" directorySegmentName="seg_0" id="E7177010-CAF9-5E36-4491-C9E6F9E12054" name="FKArc_3">
<createdBy>pawel</createdBy>
<createdTime>2023-04-28 13:58:29 UTC</createdTime>
<ownerDesignName>bd2_logical</ownerDesignName>
<mandatory>false</mandatory>
<reverseArc>true</reverseArc>
<table>4B7924A5-27D2-9BBC-1B76-4807DC141B01</table>
<fkeys>
<fkeyID>848AA7ED-DF2F-F523-FEF7-B4FBBCA020C4</fkeyID>
<fkeyID>12590421-4F23-4E49-1A73-9214D4E0E2F2</fkeyID>
</fkeys>
</FKArc>