<?xml version = '1.0' encoding = 'UTF-8'?>
<Diagram class="oracle.dbtools.crest.swingui.relational.DPVRelational" name="Relational_1" id="F67DD0F0-092F-7AB3-DFBC-1D5D02E83D36">
<createdBy>pawel</createdBy>
<modifiedBy>pawel</modifiedBy>
<createdTime>2023-04-28 13:53:13 UTC</createdTime>
<autoRoute>false</autoRoute>
<boxInbox>true</boxInbox>
<showLegend>false</showLegend>
<showLabels>false</showLabels>
<showRelAttributes>false</showRelAttributes>
<gridEnabled>false</gridEnabled>
<showGrid>false</showGrid>
<diagramColor>-1</diagramColor>
<display>false</display>
<notation>1</notation>
<objectViews>
<OView class="oracle.dbtools.crest.swingui.relational.TVTable" oid="0EAE0C2C-D731-9EC7-E888-C9178795B0E8" otype="Table" vid="F1ED5C95-A79F-9E4A-F45C-FB425C43B005">
<hideElementsInCurrentOnly>false</hideElementsInCurrentOnly>
<bounds x="497" y="195" width="255" height="172"/>
</OView>
<OView class="oracle.dbtools.crest.swingui.relational.TVTable" oid="1CFF1171-BDF2-6CD1-1C40-F8FABA6F6147" otype="Table" vid="5B0182E3-45B9-5C4E-E6BA-663F84E54187">
<hideElementsInCurrentOnly>false</hideElementsInCurrentOnly>
<bounds x="11" y="247" width="214" height="122"/>
</OView>
<OView class="oracle.dbtools.crest.swingui.relational.TVTable" oid="1E002953-CADE-B054-5714-1AA60087CA10" otype="Table" vid="FCA0832A-328A-8CFB-ACAA-08187F771CAC">
<hideElementsInCurrentOnly>false</hideElementsInCurrentOnly>
<bounds x="92" y="23" width="289" height="172"/>
</OView>
<OView class="oracle.dbtools.crest.swingui.relational.TVTable" oid="1F74DDF0-7036-BFB3-87EA-A15EA20A2DAA" otype="Table" vid="E3E0B9E4-A3B5-EC34-3100-090DBC4768FA">
<hideElementsInCurrentOnly>false</hideElementsInCurrentOnly>
<bounds x="530" y="7" width="210" height="148"/>
</OView>
<OView class="oracle.dbtools.crest.swingui.relational.TVTable" oid="3C452759-5E4C-DABA-5A7D-E6265BFE5433" otype="Table" vid="FBE2BD8F-A912-379B-BAAC-74621D27DBAA">
<hideElementsInCurrentOnly>false</hideElementsInCurrentOnly>
<bounds x="428" y="658" width="273" height="213"/>
</OView>
<OView class="oracle.dbtools.crest.swingui.relational.TVTable" oid="483C5D35-936F-352B-C3FE-A07D455D22D0" otype="Table" vid="EAD0A992-F75D-6ACC-182A-4A6EB0413F95">
<hideElementsInCurrentOnly>false</hideElementsInCurrentOnly>
<bounds x="1035" y="477" width="207" height="149"/>
</OView>
<OView class="oracle.dbtools.crest.swingui.relational.TVTable" oid="4B7924A5-27D2-9BBC-1B76-4807DC141B01" otype="Table" vid="416E6BCD-D89E-4CD3-4448-0211EF615702">
<hideElementsInCurrentOnly>false</hideElementsInCurrentOnly>
<bounds x="1275" y="397" width="234" height="384"/>
</OView>
<OView class="oracle.dbtools.crest.swingui.relational.TVTable" oid="50BECAAE-D8D5-6367-A4DC-C2CBB6FE9BFD" otype="Table" vid="260A07D8-956F-43C6-1A01-AD257B8F8ED2">
<hideElementsInCurrentOnly>false</hideElementsInCurrentOnly>
<bounds x="782" y="324" width="229" height="195"/>
</OView>
<OView class="oracle.dbtools.crest.swingui.relational.TVTable" oid="59CBE8B0-407A-5B24-AA00-F4E0568CA531" otype="Table" vid="63F759C9-4285-C2CC-1152-7F57FA41C5D6">
<hideElementsInCurrentOnly>false</hideElementsInCurrentOnly>
<bounds x="745" y="597" width="230" height="109"/>
</OView>
<OView class="oracle.dbtools.crest.swingui.relational.TVTable" oid="6CFD083F-713E-90F8-976C-7A2931E4F24B" otype="Table" vid="B2A1DBA6-99D5-90B8-0ED8-B5755F35D7DB">
<hideElementsInCurrentOnly>false</hideElementsInCurrentOnly>
<bounds x="796" y="110" width="219" height="139"/>
</OView>
<OView class="oracle.dbtools.crest.swingui.relational.TVTable" oid="7FEF8772-94FC-E37A-FC92-382427190B01" otype="Table" vid="EFAC2058-EE57-1A2D-6B61-DCC73D8A6945">
<hideElementsInCurrentOnly>false</hideElementsInCurrentOnly>
<bounds x="507" y="931" width="229" height="115"/>
</OView>
<OView class="oracle.dbtools.crest.swingui.relational.TVTable" oid="B7B85F0F-C74B-BCA4-A4A1-D07C9C96AB67" otype="Table" vid="894D613C-CE94-7ED2-ECAC-6D57D1CEF8DF">
<hideElementsInCurrentOnly>false</hideElementsInCurrentOnly>
<bounds x="181" y="913" width="245" height="107"/>
</OView>
<OView class="oracle.dbtools.crest.swingui.relational.TVTable" oid="CF8E791E-4400-5B60-23F9-720BD69B6160" otype="Table" vid="ED63BCD5-F11F-508C-2D93-79C65731D85D">
<hideElementsInCurrentOnly>false</hideElementsInCurrentOnly>
<bounds x="429" y="402" width="267" height="206"/>
</OView>
<OView class="oracle.dbtools.crest.swingui.relational.TVTable" oid="E55EA610-6786-D06C-D0EA-6EAFD47FA1A7" otype="Table" vid="E36B2426-4E8B-C72D-8CAA-A5677DB3F5DB">
<hideElementsInCurrentOnly>false</hideElementsInCurrentOnly>
<bounds x="794" y="931" width="207" height="119"/>
</OView>
<OView class="oracle.dbtools.crest.swingui.relational.TVTable" oid="E70C3C69-1044-0F93-1A91-9B89096A6DAE" otype="Table" vid="7F7D9F1C-E3F5-ED1C-6094-A7046CE7CB98">
<hideElementsInCurrentOnly>false</hideElementsInCurrentOnly>
<bounds x="244" y="247" width="218" height="124"/>
</OView>
<OView class="oracle.dbtools.crest.swingui.relational.TVTable" oid="ED532DDB-C873-D9FD-A49F-406397998EB5" otype="Table" vid="1973BD48-37BE-3925-D876-00105AEA15B6">
<hideElementsInCurrentOnly>false</hideElementsInCurrentOnly>
<bounds x="1034" y="650" width="204" height="140"/>
</OView>
<OView class="oracle.dbtools.crest.swingui.relational.TVTable" oid="FCD6467D-FB2A-C64B-2BB3-7715B005A1E2" otype="Table" vid="C252DEA6-C86F-C5F1-C10B-8C3C9AFF26D6">
<hideElementsInCurrentOnly>false</hideElementsInCurrentOnly>
<bounds x="1114" y="141" width="205" height="140"/>
</OView>
</objectViews>
<connectors>
<Connector class="oracle.dbtools.crest.swingui.relational.TVFKRelation" oid="0B7DF2AD-034C-9EE7-1863-A196282809F0" otype="FKIndexAssociation" vid_source="894D613C-CE94-7ED2-ECAC-6D57D1CEF8DF" vid_target="FBE2BD8F-A912-379B-BAAC-74621D27DBAA">
<hideElementsInCurrentOnly>false</hideElementsInCurrentOnly>
<backgroundColor>-16777216</backgroundColor>
<lineWidth>1</lineWidth>
<points>
<point x="372" y="913"/>
<point x="428" y="870"/>
</points>
</Connector>
<Connector class="oracle.dbtools.crest.swingui.relational.TVFKRelation" oid="12590421-4F23-4E49-1A73-9214D4E0E2F2" otype="FKIndexAssociation" vid_source="416E6BCD-D89E-4CD3-4448-0211EF615702" vid_target="1973BD48-37BE-3925-D876-00105AEA15B6">
<hideElementsInCurrentOnly>false</hideElementsInCurrentOnly>
<backgroundColor>-16777216</backgroundColor>
<lineWidth>1</lineWidth>
<points>
<point x="1275" y="715"/>
<point x="1238" y="715"/>
</points>
</Connector>
<Connector class="oracle.dbtools.crest.swingui.relational.TVFKRelation" oid="1538072C-2EF0-630A-28AB-15FA84092283" otype="FKIndexAssociation" vid_source="63F759C9-4285-C2CC-1152-7F57FA41C5D6" vid_target="ED63BCD5-F11F-508C-2D93-79C65731D85D">
<hideElementsInCurrentOnly>false</hideElementsInCurrentOnly>
<backgroundColor>-16777216</backgroundColor>
<lineWidth>1</lineWidth>
<points>
<point x="745" y="602"/>
<point x="696" y="602"/>
</points>
</Connector>
<Connector class="oracle.dbtools.crest.swingui.relational.TVFKRelation" oid="156CB9E8-AAAE-7E9F-69F0-7670FD69E017" otype="FKIndexAssociation" vid_source="FCA0832A-328A-8CFB-ACAA-08187F771CAC" vid_target="E3E0B9E4-A3B5-EC34-3100-090DBC4768FA">
<hideElementsInCurrentOnly>false</hideElementsInCurrentOnly>
<backgroundColor>-16777216</backgroundColor>
<lineWidth>1</lineWidth>
<points>
<point x="381" y="89"/>
<point x="530" y="89"/>
</points>
</Connector>
<Connector class="oracle.dbtools.crest.swingui.relational.TVFKRelation" oid="2976692C-B7C8-A696-984D-B023A3D8939E" otype="FKIndexAssociation" vid_source="63F759C9-4285-C2CC-1152-7F57FA41C5D6" vid_target="260A07D8-956F-43C6-1A01-AD257B8F8ED2">
<hideElementsInCurrentOnly>false</hideElementsInCurrentOnly>
<backgroundColor>-16777216</backgroundColor>
<lineWidth>1</lineWidth>
<points>
<point x="878" y="597"/>
<point x="878" y="519"/>
</points>
</Connector>
<Connector class="oracle.dbtools.crest.swingui.relational.TVFKRelation" oid="4B66CD6C-9443-3895-8FA9-8BE508A8B886" otype="FKIndexAssociation" vid_source="7F7D9F1C-E3F5-ED1C-6094-A7046CE7CB98" vid_target="FCA0832A-328A-8CFB-ACAA-08187F771CAC">
<hideElementsInCurrentOnly>false</hideElementsInCurrentOnly>
<backgroundColor>-16777216</backgroundColor>
<lineWidth>1</lineWidth>
<points>
<point x="312" y="247"/>
<point x="312" y="195"/>
</points>
</Connector>
<Connector class="oracle.dbtools.crest.swingui.relational.TVFKRelation" oid="54D62B34-4261-D575-0B66-471BD43442DF" otype="FKIndexAssociation" vid_source="EFAC2058-EE57-1A2D-6B61-DCC73D8A6945" vid_target="FBE2BD8F-A912-379B-BAAC-74621D27DBAA">
<hideElementsInCurrentOnly>false</hideElementsInCurrentOnly>
<backgroundColor>-16777216</backgroundColor>
<lineWidth>1</lineWidth>
<points>
<point x="604" y="931"/>
<point x="604" y="871"/>
</points>
</Connector>
<Connector class="oracle.dbtools.crest.swingui.relational.TVFKRelation" oid="5D51B10C-FF9A-F09E-A6C5-59CDE7727BD4" otype="FKIndexAssociation" vid_source="260A07D8-956F-43C6-1A01-AD257B8F8ED2" vid_target="B2A1DBA6-99D5-90B8-0ED8-B5755F35D7DB">
<hideElementsInCurrentOnly>false</hideElementsInCurrentOnly>
<backgroundColor>-16777216</backgroundColor>
<lineWidth>1</lineWidth>
<points>
<point x="903" y="324"/>
<point x="903" y="249"/>
</points>
</Connector>
<Connector class="oracle.dbtools.crest.swingui.relational.TVFKRelation" oid="6668E343-D7FD-4C05-CFA6-32D29B8EA52E" otype="FKIndexAssociation" vid_source="ED63BCD5-F11F-508C-2D93-79C65731D85D" vid_target="260A07D8-956F-43C6-1A01-AD257B8F8ED2">
<hideElementsInCurrentOnly>false</hideElementsInCurrentOnly>
<backgroundColor>-16777216</backgroundColor>
<lineWidth>1</lineWidth>
<points>
<point x="696" y="460"/>
<point x="782" y="460"/>
</points>
</Connector>
<Connector class="oracle.dbtools.crest.swingui.relational.TVFKRelation" oid="66B6F7A4-249B-B9D0-B86B-FDB6DC774B43" otype="FKIndexAssociation" vid_source="260A07D8-956F-43C6-1A01-AD257B8F8ED2" vid_target="F1ED5C95-A79F-9E4A-F45C-FB425C43B005">
<hideElementsInCurrentOnly>false</hideElementsInCurrentOnly>
<backgroundColor>-16777216</backgroundColor>
<lineWidth>1</lineWidth>
<points>
<point x="782" y="345"/>
<point x="752" y="345"/>
</points>
</Connector>
<Connector class="oracle.dbtools.crest.swingui.relational.TVFKRelation" oid="69D4B5EA-AEF2-5721-1525-02767B6E341F" otype="FKIndexAssociation" vid_source="416E6BCD-D89E-4CD3-4448-0211EF615702" vid_target="260A07D8-956F-43C6-1A01-AD257B8F8ED2">
<hideElementsInCurrentOnly>false</hideElementsInCurrentOnly>
<backgroundColor>-16777216</backgroundColor>
<lineWidth>1</lineWidth>
<points>
<point x="1275" y="458"/>
<point x="1011" y="458"/>
</points>
</Connector>
<Connector class="oracle.dbtools.crest.swingui.relational.TVFKRelation" oid="848AA7ED-DF2F-F523-FEF7-B4FBBCA020C4" otype="FKIndexAssociation" vid_source="416E6BCD-D89E-4CD3-4448-0211EF615702" vid_target="EAD0A992-F75D-6ACC-182A-4A6EB0413F95">
<hideElementsInCurrentOnly>false</hideElementsInCurrentOnly>
<backgroundColor>-16777216</backgroundColor>
<lineWidth>1</lineWidth>
<points>
<point x="1275" y="551"/>
<point x="1242" y="551"/>
</points>
</Connector>
<Connector class="oracle.dbtools.crest.swingui.relational.TVFKRelation" oid="8DE1DAEC-714D-9FF1-6FB3-F3DD7DA2103D" otype="FKIndexAssociation" vid_source="E36B2426-4E8B-C72D-8CAA-A5677DB3F5DB" vid_target="FBE2BD8F-A912-379B-BAAC-74621D27DBAA">
<hideElementsInCurrentOnly>false</hideElementsInCurrentOnly>
<backgroundColor>-16777216</backgroundColor>
<lineWidth>1</lineWidth>
<points>
<point x="809" y="931"/>
<point x="701" y="857"/>
</points>
</Connector>
<Connector class="oracle.dbtools.crest.swingui.relational.TVFKRelation" oid="9875BE66-8979-87C7-33CC-4A541BFC7712" otype="FKIndexAssociation" vid_source="FBE2BD8F-A912-379B-BAAC-74621D27DBAA" vid_target="ED63BCD5-F11F-508C-2D93-79C65731D85D">
<hideElementsInCurrentOnly>false</hideElementsInCurrentOnly>
<backgroundColor>-16777216</backgroundColor>
<lineWidth>1</lineWidth>
<points>
<point x="562" y="658"/>
<point x="562" y="608"/>
</points>
</Connector>
<Connector class="oracle.dbtools.crest.swingui.relational.TVFKRelation" oid="AA883922-A821-9D9B-527A-6521594C69F8" otype="FKIndexAssociation" vid_source="B2A1DBA6-99D5-90B8-0ED8-B5755F35D7DB" vid_target="E3E0B9E4-A3B5-EC34-3100-090DBC4768FA">
<hideElementsInCurrentOnly>false</hideElementsInCurrentOnly>
<backgroundColor>-16777216</backgroundColor>
<lineWidth>1</lineWidth>
<points>
<point x="796" y="132"/>
<point x="740" y="132"/>
</points>
</Connector>
<Connector class="oracle.dbtools.crest.swingui.relational.TVFKRelation" oid="B317301F-5A28-C530-0F65-EA7035D959CE" otype="FKIndexAssociation" vid_source="260A07D8-956F-43C6-1A01-AD257B8F8ED2" vid_target="C252DEA6-C86F-C5F1-C10B-8C3C9AFF26D6">
<hideElementsInCurrentOnly>false</hideElementsInCurrentOnly>
<backgroundColor>-16777216</backgroundColor>
<lineWidth>1</lineWidth>
<points>
<point x="1011" y="346"/>
<point x="1114" y="278"/>
</points>
</Connector>
<Connector class="oracle.dbtools.crest.swingui.relational.TVFKRelation" oid="E4642D27-7451-F732-0589-61B0C9168804" otype="FKIndexAssociation" vid_source="5B0182E3-45B9-5C4E-E6BA-663F84E54187" vid_target="FCA0832A-328A-8CFB-ACAA-08187F771CAC">
<hideElementsInCurrentOnly>false</hideElementsInCurrentOnly>
<backgroundColor>-16777216</backgroundColor>
<lineWidth>1</lineWidth>
<points>
<point x="158" y="247"/>
<point x="158" y="195"/>
</points>
</Connector>
</connectors>
<arcs>
<Arc class="oracle.dbtools.crest.swingui.relational.TVFKArc" oid="50C5B177-E415-5F0B-55C8-4917CE547BDD" otype="FKArc" vid="35F2FF4F-39AF-98AD-9C14-5ED969259478">
<hideElementsInCurrentOnly>false</hideElementsInCurrentOnly>
<bounds x="72" y="3" width="329" height="212"/>
</Arc>
<Arc class="oracle.dbtools.crest.swingui.relational.TVFKArc" oid="E7177010-CAF9-5E36-4491-C9E6F9E12054" otype="FKArc" vid="14E3526E-BDF1-EEE6-AEF8-D093DB606336">
<hideElementsInCurrentOnly>false</hideElementsInCurrentOnly>
<bounds x="1255" y="377" width="274" height="424"/>
</Arc>
</arcs>
</Diagram>